conm,gvkey,year,markup,weight,sale_D,rank
INTL BUSINESS MACHINES CORP,006066,1980.0,3.022450032528232,0.010859887129204302,59067576.21660206,1
XEROX HOLDINGS CORP,011636,1980.0,2.5416057399471286,0.0033957576106860587,18469728.929586176,2
MERCK & CO INC,007257,1980.0,2.353025487558713,0.0011326834375557301,6160733.024304276,3
BRISTOL-MYERS SQUIBB CO,002403,1980.0,2.3360236610984537,0.0013084637467122742,7116812.648793227,4
AVON PRODUCTS,001920,1980.0,2.300799661232375,0.0010643618299644073,5789127.710581561,5
LILLY (ELI) & CO,006730,1980.0,2.2470808349088403,0.001060027488055011,5765552.965463484,6
NCR VOYIX CORP,007648,1980.0,2.0236700365700755,0.00137643651891001,7486520.625927392,7
PEPSICO INC,008479,1980.0,1.8754180070698792,0.0024754946274280496,13464363.472634802,8
WARNER-LAMBERT CO,011288,1980.0,1.8627655421497713,0.0014414135325198233,7839934.492762493,9
PFIZER INC,008530,1980.0,1.8609391095196133,0.0012550190157816763,6826123.557823809,10
INTL BUSINESS MACHINES CORP,006066,1981.0,2.8423682589809696,0.011011454387082278,59910985.499260165,1
XEROX HOLDINGS CORP,011636,1981.0,2.4918092461237507,0.003292071680136176,17911463.078168746,2
BRISTOL-MYERS SQUIBB CO,002403,1981.0,2.340535800697506,0.0013245185060411745,7206423.985375186,3
LILLY (ELI) & CO,006730,1981.0,2.3332205787426576,0.001050464807699004,5715355.996512825,4
MERCK & CO INC,007257,1981.0,2.2253853378489343,0.0011096501276711497,6037370.756959001,5
CVS HEALTH CORP,007241,1981.0,2.224966885438132,0.0010457818158474883,5689876.832085785,6
PEPSICO INC,008479,1981.0,1.9267696228123963,0.0026619306754030432,14482999.65544923,7
WARNER-LAMBERT CO,011288,1981.0,1.9107726197625747,0.001280295047683768,6965813.537450536,8
WYETH,001478,1981.0,1.8799606347243425,0.0015648707995446153,8514129.785590928,9
PFIZER INC,008530,1981.0,1.8782984314628541,0.0012309571546439088,6697376.536254522,10
INTL BUSINESS MACHINES CORP,006066,1982.0,2.8374915794511097,0.012565960816131965,66687383.6872792,1
BRISTOL-MYERS SQUIBB CO,002403,1982.0,2.497713975162186,0.001316383551882373,6986029.662873438,2
SMITHKLINE BECKMAN CORP,009775,1982.0,2.4495236838745957,0.0010855584899230387,5761044.188482915,3
LILLY (ELI) & CO,006730,1982.0,2.4333436773685464,0.0010833805465754267,5749485.8726647645,4
XEROX HOLDINGS CORP,011636,1982.0,2.3975897254310365,0.003091976731729425,16409078.595587296,5
MERCK & CO INC,007257,1982.0,2.3911550974646265,0.0011200596576274012,5944141.417737861,6
JOHNSON & JOHNSON,006266,1982.0,2.1769689317630143,0.0021065901059268456,11179645.131904282,7
WARNER-LAMBERT CO,011288,1982.0,2.0983600217167884,0.0011869593781521821,6299177.327565019,8
AVON PRODUCTS,001920,1982.0,2.0736723041409046,0.0010973093645831307,5823405.92099068,9
PEPSICO INC,008479,1982.0,2.0617526445172185,0.002742174018127639,14552680.336978503,10
SMITHKLINE BECKMAN CORP,009775,1983.0,2.7912122856744,0.0010010589206410135,5294450.376739992,1
LILLY (ELI) & CO,006730,1983.0,2.600323891595603,0.0010710743314350276,5664751.37542507,2
INTL BUSINESS MACHINES CORP,006066,1983.0,2.569865114712575,0.014185900156261737,75027096.68540038,3
BRISTOL-MYERS SQUIBB CO,002403,1983.0,2.5588008207649597,0.001382930669908143,7314112.741347943,4
MERCK & CO INC,007257,1983.0,2.479689284998014,0.0011460763423775694,6061425.7538290145,5
WARNER-LAMBERT CO,011288,1983.0,2.396833440614086,0.0010974209789487437,5804094.839609484,6
JOHNSON & JOHNSON,006266,1983.0,2.2755379718040776,0.0021087736771266074,11152987.460691253,7
PFIZER INC,008530,1983.0,2.20997998357253,0.0013239698780075407,7002277.962740565,8
XEROX HOLDINGS CORP,011636,1983.0,2.1580477831891067,0.0029881117500044855,15803674.543374605,9
PEPSICO INC,008479,1983.0,2.130056137712949,0.0027877276732628247,14743873.238254389,10
U S WEST  -CONSOLIDATED,010980,1984.0,3.3403951507053846,0.002289870529239464,13126067.99269568,1
QWEST COMMUNICATION INTL INC,061489,1984.0,3.3403951507053846,0.002289870529239464,13126067.99269568,2
BRISTOL-MYERS SQUIBB CO,002403,1984.0,2.696540069134983,0.001317819312177197,7554045.380666331,3
MERCK & CO INC,007257,1984.0,2.4031754503290634,0.0011197298428227468,6418550.683397527,4
PEPSICO INC,008479,1984.0,2.3997397346891356,0.0024216997074508304,13881743.361467863,5
INTL BUSINESS MACHINES CORP,006066,1984.0,2.3532874083684985,0.01444997146542669,82830581.69699174,6
JOHNSON & JOHNSON,006266,1984.0,2.346340119127573,0.0019265247909489606,11043286.104043927,7
PFIZER INC,008530,1984.0,2.304247563226047,0.0012124733006908613,6950177.654577815,8
WYETH,001478,1984.0,2.241277777105889,0.0014109515668771838,8087901.025295765,9
XEROX HOLDINGS CORP,011636,1984.0,2.154453288653072,0.0027654885876255185,15852420.811866963,10
U S WEST COMMUNICATIONS INC,007593,1985.0,3.4546926664003594,0.0010318600351879646,6074498.560857537,1
U S WEST  -CONSOLIDATED,010980,1985.0,3.1928013866683207,0.002318650161800672,13649755.384144332,2
QWEST COMMUNICATION INTL INC,061489,1985.0,3.1927997519694946,0.0023186489746630343,13649748.395535773,3
BRISTOL-MYERS SQUIBB CO,002403,1985.0,2.757699076547905,0.0013189099161226745,7764344.110806172,4
MERCK & CO INC,007257,1985.0,2.743188462025418,0.001052842396160052,6198020.470013677,5
PFIZER INC,008530,1985.0,2.37417785037536,0.0011944085595242547,7031412.040863035,6
PEPSICO INC,008479,1985.0,2.3508415821517064,0.0023910875197817086,14076189.795598181,7
JOHNSON & JOHNSON,006266,1985.0,2.349132448489626,0.0019057408388093563,11218982.796059255,8
WYETH,001478,1985.0,2.295280806707765,0.00139035720131339,8184950.022720494,9
INTL BUSINESS MACHINES CORP,006066,1985.0,2.1901458196693473,0.014855843966776684,87455468.49294397,10
RYDER SYSTEM INC,009299,1986.0,6.096558657889165,0.001122669961286702,6453389.789117991,1
U S WEST COMMUNICATIONS INC,007593,1986.0,3.6797758601734416,0.0011132472662517751,6399225.764051643,2
MERCK & CO INC,007257,1986.0,3.0308517287622134,0.0012300919022486209,7070878.1702414695,3
U S WEST  -CONSOLIDATED,010980,1986.0,3.026582814535673,0.002475259878215069,14228417.410561904,4
QWEST COMMUNICATION INTL INC,061489,1986.0,3.0265824132003623,0.00247525838860222,14228408.84789195,5
BRISTOL-MYERS SQUIBB CO,002403,1986.0,2.9469926737590746,0.0014407237548818366,8281643.126924114,6
SMITHKLINE BECKMAN CORP,009775,1986.0,2.781413149340531,0.0011158391926082902,6414124.809773068,7
LILLY (ELI) & CO,006730,1986.0,2.6962168413249374,0.0011083911283654305,6371311.459998858,8
JOHNSON & JOHNSON,006266,1986.0,2.5557523329596203,0.0020863213676077883,11992700.860284667,9
PEPSICO INC,008479,1986.0,2.525886471630332,0.0027679378190122103,15910803.953153303,10
RYDER SYSTEM INC,009299,1987.0,5.015404020752152,0.0012229691443605406,7697289.325976731,1
MERCK & CO INC,007257,1987.0,3.3948027392652094,0.0013429666201681047,8452545.739384176,2
PHILIP MORRIS INC,013302,1987.0,3.1956266586834374,0.0015533018383545897,9776382.1070387,3
U S WEST  -CONSOLIDATED,010980,1987.0,2.9825519078231073,0.002240878034755042,14103942.570648093,4
QWEST COMMUNICATION INTL INC,061489,1987.0,2.982550806793627,0.0022408761773732738,14103930.880406417,5
BRISTOL-MYERS SQUIBB CO,002403,1987.0,2.9109316647528165,0.0014331557720056046,9020190.474297475,6
SMITHKLINE BECKMAN CORP,009775,1987.0,2.718204714822913,0.0011486048851843777,7229245.450110884,7
PEPSICO INC,008479,1987.0,2.591161783487835,0.003047485868443822,19180680.521995366,8
JOHNSON & JOHNSON,006266,1987.0,2.5514567253572245,0.0021259061033305385,13380316.611136667,9
WYETH,001478,1987.0,2.443370944356776,0.0013342029623072957,8397387.839105517,10
RYDER SYSTEM INC,009299,1988.0,4.44356260061805,0.0012489816198409923,8115613.126882297,1
MERCK & CO INC,007257,1988.0,3.7016471178695514,0.001474942456521248,9583857.897815797,2
PHILIP MORRIS INC,013302,1988.0,3.4200164328872136,0.0016759637408977023,10890050.838009734,3
BRISTOL-MYERS SQUIBB CO,002403,1988.0,2.9700851851406576,0.0014831372710789046,9637106.03497009,4
LILLY (ELI) & CO,006730,1988.0,2.9137732017183464,0.0010106192971301496,6566786.1750553,5
U S WEST  -CONSOLIDATED,010980,1988.0,2.598064789455623,0.0022897305184947925,14878174.95287488,6
QWEST COMMUNICATION INTL INC,061489,1988.0,2.5980630988510263,0.002289729028528509,14878165.271395395,7
SMITHKLINE BECKMAN CORP,009775,1988.0,2.5465966994554314,0.0011793083131609408,7662891.010476845,8
JOHNSON & JOHNSON,006266,1988.0,2.5380141612204166,0.0022349494248154276,14522219.223898001,9
PFIZER INC,008530,1988.0,2.434618734855763,0.0013373440702667781,8689773.26759781,10
RYDER SYSTEM INC,009299,1989.0,4.333402081180161,0.0011467963863692765,7879461.951801678,1
MERCK & CO INC,007257,1989.0,4.03028578913084,0.0014806733689552596,10173479.453197502,2
PHILIP MORRIS INC,013302,1989.0,3.390306338093184,0.0017481914106556716,12011554.857038314,3
BRISTOL-MYERS SQUIBB CO,002403,1989.0,3.0885987447570793,0.0020770792439248733,14271292.67925072,4
JOHNSON & JOHNSON,006266,1989.0,2.584114496818964,0.0022054698207612344,15153444.626341198,5
U S WEST  -CONSOLIDATED,010980,1989.0,2.571354550503246,0.0021904607814972657,15050319.82125879,6
QWEST COMMUNICATION INTL INC,061489,1989.0,2.571353858860393,0.002190459425258778,15050310.502752306,7
PFIZER INC,008530,1989.0,2.4970698714168966,0.001281984430506031,8808318.253386708,8
AMERITECH CORP,001485,1989.0,2.4737286154856744,0.0023081596782555287,15859010.875572192,9
WYETH,001478,1989.0,2.407817751286886,0.0015250937960636654,10478685.38987784,10
GSK PLC,005180,1990.0,6.048323460263462,0.0010229317656605893,7437026.156388987,1
RYDER SYSTEM INC,009299,1990.0,4.082162501064917,0.0010633738241276535,7731052.265201375,2
MERCK & CO INC,007257,1990.0,4.059492754242951,0.0015802297704923904,11488752.750450687,3
PHILIP MORRIS INC,013302,1990.0,3.79438736148127,0.0017737546182245941,12895737.461269747,4
LILLY (ELI) & CO,006730,1990.0,3.270816709234549,0.0010694024475641393,7774882.197645804,5
BRISTOL-MYERS SQUIBB CO,002403,1990.0,3.205376458209327,0.0021216667713056924,15425165.0041898,6
U S WEST COMMUNICATIONS INC,007593,1990.0,2.834518225328604,0.0016670121210507485,12119686.92678711,7
U S WEST  -CONSOLIDATED,010980,1990.0,2.7183022686673786,0.002051075004070114,14911941.310312536,8
QWEST COMMUNICATION INTL INC,061489,1990.0,2.718300357695943,0.002051073562160658,14911930.82719069,9
JOHNSON & JOHNSON,006266,1990.0,2.6042337092806966,0.0023136467160490815,16820917.798743676,10
GSK PLC,005180,1991.0,6.253350798932286,0.0013077118525981972,9157451.258148523,1
PHILIP MORRIS INC,013302,1991.0,4.2228711324654205,0.0019441812965265693,13614425.398510458,2
MERCK & CO INC,007257,1991.0,4.110913273043057,0.001780603474888653,12468946.808875324,3
RYDER SYSTEM INC,009299,1991.0,3.895740255657331,0.001047555433101824,7335666.339476172,4
LILLY (ELI) & CO,006730,1991.0,3.4457320257290482,0.0011851164536912785,8298958.320478158,5
BRISTOL-MYERS SQUIBB CO,002403,1991.0,3.362002200490151,0.0023097113901777906,16174105.506438646,6
PFIZER INC,008530,1991.0,2.8342569423586985,0.0014385244342446136,10073486.26846031,7
U S WEST COMMUNICATIONS INC,007593,1991.0,2.821056479547927,0.0016898832936613993,11833664.933844224,8
WARNER-LAMBERT CO,011288,1991.0,2.743919663453199,0.001047121598970288,7332628.349948304,9
JOHNSON & JOHNSON,006266,1991.0,2.672634690116993,0.00257630411986226,18040961.666694313,10
GSK PLC,005180,1992.0,6.026670800160615,0.0014157770422106308,10216257.148772862,1
MERCK & CO INC,007257,1992.0,4.195900108078384,0.0018976204286808465,13693242.433072243,2
RYDER SYSTEM INC,009299,1992.0,4.056020872427167,0.0010195641089931222,7357181.820711831,3
BRISTOL-MYERS SQUIBB CO,002403,1992.0,3.414559322796756,0.0021909292111113605,15809760.68133029,4
PFIZER INC,008530,1992.0,3.182152677444041,0.0014199405147165077,10246300.795818776,5
LILLY (ELI) & CO,006730,1992.0,3.087433998791258,0.001211197357806301,8740008.699351765,6
U S WEST COMMUNICATIONS INC,007593,1992.0,2.7438810308992876,0.0016346932121304798,11795957.779059604,7
QWEST COMMUNICATION INTL INC,061489,1992.0,2.706429507221822,0.002019107806939354,14569896.213727698,8
U S WEST  -CONSOLIDATED,010980,1992.0,2.706428026120556,0.0020191074141589285,14569893.379421372,9
WARNER-LAMBERT CO,011288,1992.0,2.6463013502317487,0.0010993138537214908,7932656.542650988,10
GSK PLC,005180,1993.0,5.839163061655914,0.001539473381586984,11055588.887131138,1
MERCK & CO INC,007257,1993.0,3.753251313198751,0.0020235006203300956,14531586.735304885,2
PFIZER INC,008530,1993.0,3.7531061638594188,0.0014413071372847113,10350616.880092714,3
BRISTOL-MYERS SQUIBB CO,002403,1993.0,3.2228560675999076,0.0021998259301430133,15797851.003984936,4
LILLY (ELI) & CO,006730,1993.0,3.1173427145538084,0.0012436832411859087,8931398.739867903,5
INTEL CORP,006008,1993.0,2.916439429566656,0.0016927075544130325,12156026.243493883,6
COCA-COLA CO,003144,1993.0,2.6370961129049095,0.0026901752831863693,19319250.54434572,7
JOHNSON & JOHNSON,006266,1993.0,2.563283605719534,0.002725062560270036,19569790.37013397,8
WARNER-LAMBERT CO,011288,1993.0,2.5471748160009584,0.0011167205372355714,8019627.561709236,9
SMITHKLINE BEECHAM (UK) PLC,014261,1993.0,2.5381695260667727,0.0017821423420750285,12798294.084188618,10
GSK PLC,005180,1994.0,5.8839072288628955,0.0014032328031600753,11498895.655429851,1
PFIZER INC,008530,1994.0,3.7853122037449967,0.0013697067200388413,11224163.671771713,2
BRISTOL-MYERS SQUIBB CO,002403,1994.0,3.221580678955428,0.001982124223605651,16242664.49017814,3
WYETH,001478,1994.0,2.7052408377808286,0.0014829898167082875,12152470.439681083,4
JOHNSON & JOHNSON,006266,1994.0,2.5831026254514415,0.002602365031225911,21325273.95597988,5
GILLETTE CO,005169,1994.0,2.562503923908677,0.0010039962001110667,8227321.594482589,6
COCA-COLA CO,003144,1994.0,2.5396197560523635,0.002674809157555957,21918922.741585523,7
SMITHKLINE BEECHAM (UK) PLC,014261,1994.0,2.489357701885118,0.0016428938512245438,13462815.953015644,8
ROCHE HOLDING AG,025648,1994.0,2.486216428742842,0.00196353899725102,16090366.469419809,9
WARNER-LAMBERT CO,011288,1994.0,2.441917434584167,0.0010613229904900484,8697090.245375091,10
GSK PLC,005180,1995.0,5.2805034682674385,0.0015286563282381344,13741055.107362146,1
PFIZER INC,008530,1995.0,3.9939952003712684,0.0014801376368666018,13304921.753149211,2
PHARMACIA & UPJOHN INC,011040,1995.0,3.474268389378096,0.0010478588421906014,9419178.025366286,3
BRISTOL-MYERS SQUIBB CO,002403,1995.0,3.1712932005475647,0.002033354106885516,18277771.3468782,4
ROCHE HOLDING AG,025648,1995.0,2.5794744931803564,0.001972144196051329,17727556.925001778,5
JOHNSON & JOHNSON,006266,1995.0,2.5736993021719847,0.0027829198868262427,25015600.182892352,6
WYETH,001478,1995.0,2.5488555149527317,0.0019756174549441542,17758777.965968814,7
COCA-COLA CO,003144,1995.0,2.516469419507715,0.0026612169897481815,23921615.757104043,8
GILLETTE CO,005169,1995.0,2.495521267044588,0.0010035614985149277,9020990.264446378,9
SMITHKLINE BEECHAM (UK) PLC,014261,1995.0,2.4297333311661835,0.0016360473190942728,14706390.151040154,10
MICROSOFT CORP,012141,1996.0,6.842828516184037,0.0011799030621335634,11305821.80650972,1
GSK PLC,005180,1996.0,5.624988401189995,0.0017814889735269998,17070213.25000868,2
PFIZER INC,008530,1996.0,4.39997085310972,0.0015384596955924424,14741508.631576391,3
BRISTOL-MYERS SQUIBB CO,002403,1996.0,3.0879574735510875,0.0020499642060941227,19642740.80441344,4
COCA-COLA CO,003144,1996.0,2.6676490551066503,0.0025236399712062125,24181498.238211196,5
WYETH,001478,1996.0,2.62446584168251,0.0019170636590630722,18369288.81421034,6
JOHNSON & JOHNSON,006266,1996.0,2.541387757200236,0.0029419333644709537,28189582.22312768,7
INTEL CORP,006008,1996.0,2.4126245198800995,0.0028367476803481026,27181693.830043606,8
GILLETTE CO,005169,1996.0,2.4094794289502737,0.0013196108782900081,12644500.995616345,9
SMITHKLINE BEECHAM (UK) PLC,014261,1996.0,2.3065384964859037,0.0016822905728471047,16119694.959506363,10
MICROSOFT CORP,012141,1997.0,9.830757655431638,0.001469492112377853,14559857.976628581,1
PFIZER INC,008530,1997.0,4.773790428252454,0.0016177609942923644,16028919.188216567,2
GSK PLC,005180,1997.0,3.664016431061514,0.001738213288413141,17222371.184716057,3
LILLY (ELI) & CO,006730,1997.0,3.260457015286691,0.0011020026427530905,10918739.769478042,4
BRISTOL-MYERS SQUIBB CO,002403,1997.0,3.058828112978332,0.0021607666639216873,21409067.44740922,5
COCA-COLA CO,003144,1997.0,3.0134686456644344,0.0024411319929869106,24186951.954836067,6
WYETH,001478,1997.0,2.962370880100809,0.0018366744351215817,18197932.94528321,7
LVMH MOET HENNESSY LOUIS V,014447,1997.0,2.7374718117891237,0.0010322689153642818,10227811.823414374,8
SMITHKLINE BEECHAM (UK) PLC,014261,1997.0,2.7289558822132696,0.0016539872481632744,16387852.119494608,9
WARNER-LAMBERT CO,011288,1997.0,2.7214177240065154,0.0010582982550473993,10485712.825957602,10
MICROSOFT CORP,012141,1998.0,13.495041310621257,0.0017990110557506518,18367889.64986639,1
PFIZER INC,008530,1998.0,5.900405259031594,0.001682256679031126,17175828.322134107,2
LILLY (ELI) & CO,006730,1998.0,4.191047029587983,0.001147273220088209,11713651.14042294,3
SCHERING-PLOUGH,009459,1998.0,3.9629296668065166,0.0010032181923017133,10242850.366057087,4
GSK PLC,005180,1998.0,3.650802764017633,0.0016812630247611724,17165683.119344894,5
COCA-COLA CO,003144,1998.0,3.2744193248473823,0.0023367022225791916,23857712.509178154,6
WYETH,001478,1998.0,3.154821201932198,0.0016721570528245356,17072711.212834217,7
WARNER-LAMBERT CO,011288,1998.0,3.028682534356551,0.0012686108271278951,12952507.216020461,8
BRISTOL-MYERS SQUIBB CO,002403,1998.0,2.9896034202860036,0.002270996833978522,23186860.97474158,9
LVMH MOET HENNESSY LOUIS V,014447,1998.0,2.8468782095244607,0.0010113127483983213,10325495.724278696,10
PFIZER INC,008530,1999.0,6.190107181935725,0.0018573100477139845,20239568.085971132,1
MICROSOFT CORP,012141,1999.0,5.201447392694791,0.002263410362392499,24664943.90234954,2
GSK PLC,005180,1999.0,4.2681581748359,0.001571601340577829,17126129.466525566,3
LILLY (ELI) & CO,006730,1999.0,3.9998941188683292,0.0011362212275971338,12381684.42850057,4
SCHERING-PLOUGH,009459,1999.0,3.856747550899639,0.001051757405444552,11461261.216790367,5
WARNER-LAMBERT CO,011288,1999.0,3.229115080955026,0.0014819165561521434,16148812.134455206,6
COCA-COLA CO,003144,1999.0,3.195066073778397,0.002270058349480095,24737388.665925592,7
WYETH,001478,1999.0,3.012055073317831,0.001553127501425135,16924815.460928906,8
SMITHKLINE BEECHAM (UK) PLC,014261,1999.0,2.9361169103072826,0.0015514241266646389,16906253.363834012,9
BRISTOL-MYERS SQUIBB CO,002403,1999.0,2.7836162036765426,0.0023178550842305723,25258241.535084438,10
MICROSOFT CORP,012141,2000.0,5.951240330207317,0.0024148713358966476,28035122.178110387,1
PFIZER INC,008530,2000.0,4.296011022898688,0.0031110561460100826,36117385.57655674,2
LILLY (ELI) & CO,006730,2000.0,3.9517541290556104,0.0011426561868259524,13265512.463977637,3
GSK PLC,005180,2000.0,3.536770413263296,0.002868259957754801,33298676.065646537,4
SCHERING-PLOUGH,009459,2000.0,3.4698845908606533,0.0010324953023970026,11986614.574758383,5
COCA-COLA CO,003144,2000.0,3.1804455236397464,0.0021520926027955053,24984428.015324198,6
INTEL CORP,006008,2000.0,2.9856743148114187,0.0035478284838147034,41188034.96162009,7
WYETH,001478,2000.0,2.8584915898213534,0.001395184024640556,16197200.244303111,8
ASTRAZENECA PLC,028272,2000.0,2.809595602362999,0.001662512048811231,19300708.786498368,9
LVMH MOET HENNESSY LOUIS V,014447,2000.0,2.704145273710255,0.0011437126667364946,13277777.524616892,10
MICROSOFT CORP,012141,2001.0,7.79790250826603,0.0026499869201470822,30203097.796773504,1
PFIZER INC,008530,2001.0,4.2735479503471225,0.0033610918859107762,38307882.26247949,2
LILLY (ELI) & CO,006730,2001.0,3.686517291369616,0.0012091822432715724,13781596.154303374,3
COCA-COLA CO,003144,2001.0,3.179964488133465,0.0021048204142787466,23989588.904679526,4
PHARMACIA CORP,007536,2001.0,3.123214434336211,0.0014495520641237814,16521199.565700307,5
LVMH MOET HENNESSY LOUIS V,014447,2001.0,3.094767996593257,0.0011403065731882256,12996589.034634206,6
GSK PLC,005180,2001.0,3.088655157452046,0.0031267037065494546,35636454.320765436,7
SCHERING-PLOUGH,009459,2001.0,2.9741812361464444,0.0010268489797312502,11703461.598828824,8
ORACLE CORP,012142,2001.0,2.8008751117450847,0.0010133350521261356,11549437.262341483,9
WYETH,001478,2001.0,2.766975679214997,0.0014800908167739932,16869263.52249698,10
PFIZER INC,008530,2002.0,5.332827987299513,0.003200856626078218,38068862.430010274,1
MICROSOFT CORP,012141,2002.0,4.039707909367117,0.0028045685663580346,33355675.49585276,2
LILLY (ELI) & CO,006730,2002.0,3.220984399059126,0.001095279686015552,13026529.007766932,3
GSK PLC,005180,2002.0,3.158739491022127,0.0033875734603479803,40289548.42365056,4
LVMH MOET HENNESSY LOUIS V,014447,2002.0,2.9265194581749876,0.0013158791493913897,15650192.484277684,5
PHARMACIA CORP,007536,2002.0,2.84107699644418,0.0013835476096967384,16454996.200016491,6
CISCO SYSTEMS INC,020779,2002.0,2.749504130077163,0.0018702067489040097,22242996.721454438,7
NOVARTIS AG,101310,2002.0,2.659228573978977,0.002316715619258283,27553476.616370153,8
QWEST CORP,148998,2002.0,2.6509451601218483,0.0011781857583896473,14012558.759336561,9
COCA-COLA CO,003144,2002.0,2.644854831331504,0.0019343761477958255,23006184.92511417,10
MICROSOFT CORP,012141,2003.0,4.2049596742821596,0.0028000036504524555,37112155.5439809,1
PFIZER INC,008530,2003.0,3.6727644220076625,0.003930983470240953,52102528.49664177,2
CISCO SYSTEMS INC,020779,2003.0,3.382763955195539,0.0016422303698151878,21766653.380534727,3
MERCK & CO INC,007257,2003.0,3.3470155257553613,0.0019560879262966063,25926623.119470593,4
GSK PLC,005180,2003.0,3.023555860983379,0.0033395132114412895,44262990.058659844,5
BANK OF MONTREAL,015580,2003.0,2.9454016589064578,0.0011436806161648626,15158713.42270845,6
LVMH MOET HENNESSY LOUIS V,014447,2003.0,2.9433559970242746,0.0013108379720681016,17374271.1744275,7
INTEL CORP,006008,2003.0,2.9082757010468976,0.0026220185176713414,34753082.929478616,8
ASTRAZENECA PLC,028272,2003.0,2.802344118493107,0.001657105960091615,21963819.27353565,9
TORONTO DOMINION BANK,015706,2003.0,2.7289191374052093,0.0013627258577791565,18062010.022570003,10
PFIZER INC,008530,2004.0,3.989361135396592,0.0040074891611913245,58931257.64210833,1
MICROSOFT CORP,012141,2004.0,3.8221539840709,0.0028108740812796567,41334695.62127847,2
BANK OF MONTREAL,015580,2004.0,3.7613426175173217,0.0010079007700703599,14821464.904733162,3
TORONTO DOMINION BANK,015706,2004.0,3.4741401718759075,0.0012221025766714728,17971362.84443531,4
MERCK & CO INC,007257,2004.0,3.0283646348055795,0.001787955528687352,26292389.991738264,5
CISCO SYSTEMS INC,020779,2004.0,3.0125180725236116,0.001682251096017647,24737976.51611467,6
COCA-COLA CO,003144,2004.0,2.811698071458535,0.001675917376762965,24644837.38929056,7
INTEL CORP,006008,2004.0,2.7870207163069174,0.0026104843612459825,38387908.30754215,8
LVMH MOET HENNESSY LOUIS V,014447,2004.0,2.7090572110280413,0.0013040606748974462,19176579.779064838,9
GSK PLC,005180,2004.0,2.6421942545471757,0.002990719657966999,43979375.51665831,10
MICROSOFT CORP,012141,2005.0,4.66412014883743,0.002950604602302157,43256758.22780337,1
PFIZER INC,008530,2005.0,3.7371660828399222,0.0038041649464385253,55770211.711316414,2
ORACLE CORP,012142,2005.0,2.975133861752651,0.0010663942440209363,15633662.996778239,3
MERCK & CO INC,007257,2005.0,2.966657076718919,0.0016323618539613664,23930919.78572899,4
BANK OF MONTREAL,015580,2005.0,2.912629164063375,0.0011188982165360145,16403387.155451326,5
COCA-COLA CO,003144,2005.0,2.748981219918409,0.001713349973147407,25118230.172292378,6
LVMH MOET HENNESSY LOUIS V,014447,2005.0,2.729937632966993,0.0012215495637715604,17908287.03450045,7
TORONTO DOMINION BANK,015706,2005.0,2.7165459805137075,0.001393580016247666,20430305.635289058,8
INTEL CORP,006008,2005.0,2.668176982322659,0.002879264458856528,42210890.09130124,9
CISCO SYSTEMS INC,020779,2005.0,2.61986107945707,0.0018391963592464008,26963176.354874626,10
MICROSOFT CORP,012141,2006.0,4.2215308571042796,0.0029878927139971737,46705060.1752704,1
PFIZER INC,008530,2006.0,3.9244977078097074,0.003252324120576708,50838503.35369244,2
COCA-COLA CO,003144,2006.0,2.9444525202683867,0.0016253186327348343,25406067.691204406,3
ORACLE CORP,012142,2006.0,2.8985202190698085,0.0012142657802514147,18980720.448809136,4
LVMH MOET HENNESSY LOUIS V,014447,2006.0,2.738523105777099,0.0013629335838227523,21304612.026105966,5
MERCK & CO INC,007257,2006.0,2.55661836449023,0.0015273460881179719,23874615.9190511,6
CISCO SYSTEMS INC,020779,2006.0,2.4958176303601873,0.0019219352347566844,30042611.761718128,7
PHILIP MORRIS INTERNATIONAL,179621,2006.0,2.4877074966285875,0.0014030586038312912,21931823.79487315,8
ASTRAZENECA PLC,028272,2006.0,2.469597113191234,0.0018084436231550576,28268574.653755415,9
GSK PLC,005180,2006.0,2.4072975961402516,0.003084100673223664,48208928.940023325,10
PFIZER INC,008530,2007.0,3.6525903004947184,0.0030066241651857126,49529455.464053966,1
MICROSOFT CORP,012141,2007.0,3.4518256487715524,0.003188297632654151,52522243.19594612,2
ORACLE CORP,012142,2007.0,2.984339964837142,0.0013988794628620282,23044362.796546917,3
LVMH MOET HENNESSY LOUIS V,014447,2007.0,2.8079085117955813,0.0015009860634913445,24726410.18611258,4
COCA-COLA CO,003144,2007.0,2.7863311097354155,0.0017997086339638674,29647399.786890518,5
BCE INC,002137,2007.0,2.686629231223181,0.001114238987226616,18355353.799514364,6
ANHEUSER-BUSCH INBEV,241637,2007.0,2.680964470057476,0.0012308018813901973,20275546.134188738,7
ASTRAZENECA PLC,028272,2007.0,2.5958567570543543,0.001857148133977061,30593626.186160237,8
PHILIP MORRIS INTERNATIONAL,179621,2007.0,2.581018664798993,0.0014218303162874953,23422442.400163915,9
MERCK & CO INC,007257,2007.0,2.5169809805739085,0.0015091246356886538,24860480.501203895,10
PFIZER INC,008530,2008.0,4.552902568136971,0.0028254334525333368,48706297.22921914,1
MICROSOFT CORP,012141,2008.0,3.7961705497859373,0.0035314265158367477,60876574.307304785,2
ORACLE CORP,012142,2008.0,3.1359238784235854,0.0013590322632611065,23427707.80856423,3
LVMH MOET HENNESSY LOUIS V,014447,2008.0,2.875357300933158,0.0013987147545617131,24111775.31486146,4
COCA-COLA CO,003144,2008.0,2.849441238079735,0.0018670620427323579,32185390.428211585,5
ASTRAZENECA PLC,028272,2008.0,2.7778287843486082,0.0018691077217799297,32220654.911838792,6
PHILIP MORRIS INTERNATIONAL,179621,2008.0,2.7708524187993055,0.0015024051405094934,25899244.3324937,7
MERCK & CO INC,007257,2008.0,2.7430615796484186,0.0013940016853800261,24030528.967254408,8
LILLY (ELI) & CO,006730,2008.0,2.6994737871901435,0.0011910527894690706,20531989.92443325,9
ANHEUSER-BUSCH INBEV,241637,2008.0,2.5428638017705016,0.0013739364963219864,23684634.76070529,10
MEDTRONIC PLC,007228,2009.0,3.799886584425345,0.001044086159896501,15835000.0,1
MICROSOFT CORP,012141,2009.0,3.55433948738908,0.0038530636517759287,58437000.0,2
PFIZER INC,008530,2009.0,3.325783094991302,0.00329241542837208,49934000.0,3
LILLY (ELI) & CO,006730,2009.0,3.1188132498600694,0.0014397641545626774,21836000.0,4
ASTRAZENECA PLC,028272,2009.0,3.091673140945558,0.0021685475031787828,32889000.0,5
ORACLE CORP,012142,2009.0,2.9438332338072413,0.0017683859051736129,26820000.0,6
COCA-COLA CO,003144,2009.0,2.8647708722748675,0.0020433362864030673,30990000.0,7
LVMH MOET HENNESSY LOUIS V,014447,2009.0,2.8206172498454705,0.0016114835250323996,24440360.0,8
PHILIP MORRIS INTERNATIONAL,179621,2009.0,2.8081316356099255,0.0016506913175250333,25035000.0,9
INTEL CORP,006008,2009.0,2.677668212106814,0.002316110801306245,35127000.0,10
MICROSOFT CORP,012141,2010.0,3.7672041536476284,0.0036503265248243617,61732711.13459513,1
INTEL CORP,006008,2010.0,3.5019870151798123,0.0025484635105373077,43098490.1386666,2
LILLY (ELI) & CO,006730,2010.0,3.450144605158816,0.0013481040728321966,22798541.100792482,3
ASTRAZENECA PLC,028272,2010.0,3.1203319452100198,0.001974076301138532,33384707.156217664,4
TORONTO DOMINION BANK,015706,2010.0,2.976132421433726,0.0014829378481874015,25078790.401391763,5
COCA-COLA CO,003144,2010.0,2.8930989111526424,0.002051658300129741,34696739.68273232,6
LVMH MOET HENNESSY LOUIS V,014447,2010.0,2.851930198667517,0.001575160411638844,26638417.692518465,7
PHILIP MORRIS INTERNATIONAL,179621,2010.0,2.8133016601827547,0.0015894962564403886,26880859.17274926,8
ORACLE CORP,012142,2010.0,2.644609443070776,0.0020810436506512615,35193691.76167576,9
PFIZER INC,008530,2010.0,2.632596130081976,0.003960362419889385,66975901.35915337,10
ASTRAZENECA PLC,028272,2011.0,3.571686516540108,0.0018018609063514468,33106178.92561326,1
TORONTO DOMINION BANK,015706,2011.0,3.4945610693026494,0.001433754647684228,26342842.41050377,2
LILLY (ELI) & CO,006730,2011.0,3.2240737618675377,0.0012795209175785625,23509055.714069955,3
PFIZER INC,008530,2011.0,3.19588139385812,0.0035522491041415833,65266632.96568738,4
MICROSOFT CORP,012141,2011.0,3.190230785102817,0.003684908551590282,67704028.32063882,5
INTEL CORP,006008,2011.0,3.1777931844932032,0.0028449076659183004,52270417.70135934,6
ORACLE CORP,012142,2011.0,2.994951386502573,0.0019556995030751163,35932705.70736791,7
LVMH MOET HENNESSY LOUIS V,014447,2011.0,2.949616850865843,0.0016170344219625953,29710301.563048456,8
PHILIP MORRIS INTERNATIONAL,179621,2011.0,2.928600253924934,0.0016383283706561487,30101542.237063117,9
ROYAL BANK OF CANADA,015633,2011.0,2.758142308767333,0.0018834691208462976,34605593.30401667,10
BANK OF MONTREAL,015580,2012.0,4.697262159695068,0.0010820243533526451,19928146.246997394,1
ASTRAZENECA PLC,028272,2012.0,3.627702649573135,0.0014775848373726776,27213367.832500085,2
TORONTO DOMINION BANK,015706,2012.0,3.5441006810419178,0.0015656247833267776,28834840.50371569,3
PFIZER INC,008530,2012.0,3.397004815389925,0.003044035317730678,56063415.582839146,4
INTEL CORP,006008,2012.0,3.39558829593915,0.0027527190839024868,50698108.88353545,5
ORACLE CORP,012142,2012.0,3.3192415094851393,0.0019187134763033026,35337839.34102938,6
LILLY (ELI) & CO,006730,2012.0,3.2173817719682383,0.0011664725172209269,21483467.395401385,7
PHILIP MORRIS INTERNATIONAL,179621,2012.0,3.0158090914272746,0.0016192434842917892,29822361.081320036,8
MICROSOFT CORP,012141,2012.0,2.925904753372614,0.003804553889551059,70070240.1758663,9
LVMH MOET HENNESSY LOUIS V,014447,2012.0,2.8415422466439892,0.0019123461136470305,35220568.65869336,10
BANK OF MONTREAL,015580,2013.0,5.020603242620481,0.0010493818232244511,19503319.881926004,1
TORONTO DOMINION BANK,015706,2013.0,4.050171069731455,0.0015472732613885435,28756897.34065191,2
ORACLE CORP,012142,2013.0,3.430028230717049,0.001926290791037162,35801139.920421936,3
ROYAL BANK OF CANADA,015633,2013.0,3.2681598306468556,0.0019506997011260714,36254792.50987731,4
INTEL CORP,006008,2013.0,3.2182727446318578,0.0026526697586933177,49301279.76291572,5
ASTRAZENECA PLC,028272,2013.0,3.207421000644339,0.0013252276710539659,24630061.825853698,6
PFIZER INC,008530,2013.0,3.1041653785563117,0.002596101480466648,48249928.194775835,7
PHILIP MORRIS INTERNATIONAL,179621,2013.0,3.0012368655647848,0.0015710782396814388,29199325.53614138,8
LVMH MOET HENNESSY LOUIS V,014447,2013.0,2.9502193556410976,0.002021380204613155,37568427.29791702,9
LILLY (ELI) & CO,006730,2013.0,2.9323308173321205,0.0011632279995381065,21619211.68111572,10
BANK OF MONTREAL,015580,2014.0,4.853466166541677,0.0010657415666114574,19571230.697785027,1
TORONTO DOMINION BANK,015706,2014.0,4.421162946035136,0.0016633634808776152,30545932.933846936,2
AMGEN INC,001602,2014.0,3.826728128418845,0.0010039427669699347,18436360.291560758,3
INTEL CORP,006008,2014.0,3.8061821858093183,0.002795707640463054,51340250.6848178,4
GILEAD SCIENCES INC,024856,2014.0,3.549292989796831,0.0012454835004676106,22872003.57159683,5
ORACLE CORP,012142,2014.0,3.402256815195167,0.0019128104575682962,35126766.11200725,6
ROYAL BANK OF CANADA,015633,2014.0,3.2314059242341586,0.0020941036163547224,38456025.611400396,7
MEDTRONIC PLC,007228,2014.0,3.212214873081442,0.0010138505907181302,18618307.12591898,8
TAIWAN SEMICONDUCTOR MFG CO,201395,2014.0,3.1196732611290496,0.001207926093127576,22182301.01471938,9
BANK OF NOVA SCOTIA,015582,2014.0,2.890154206541503,0.0015104427264610216,27737703.005570523,10
TORONTO DOMINION BANK,015706,2015.0,4.65967906095594,0.001901844221675089,31844377.165467415,1
BANK OF MONTREAL,015580,2015.0,4.122297869091578,0.0012912041267504088,21619852.32083458,2
GILEAD SCIENCES INC,024856,2015.0,3.7692426538772117,0.0017719311929451141,29669120.412870836,3
ROYAL BANK OF CANADA,015633,2015.0,3.6630823133846135,0.002335611501053485,39107353.11751368,4
AMGEN INC,001602,2015.0,3.6537467384347733,0.0011760033549305144,19690936.805159714,5
INTEL CORP,006008,2015.0,3.6510396389837645,0.003005154912389374,50318151.91808771,6
ORACLE CORP,012142,2015.0,3.516769727193026,0.0020112360950101916,33676028.797929645,7
TAIWAN SEMICONDUCTOR MFG CO,201395,2015.0,2.992790539557969,0.0013965366115312882,23383533.77008801,8
LVMH MOET HENNESSY LOUIS V,014447,2015.0,2.9704273923048183,0.0021024704374572514,35203651.71163426,9
BANK OF NOVA SCOTIA,015582,2015.0,2.9208624104649834,0.0016971755554352204,28417416.046667118,10
META PLATFORMS INC,170617,2016.0,12.602818779771235,0.0015280042788790402,24807022.012061354,1
TORONTO DOMINION BANK,015706,2016.0,4.320121132899862,0.002127971803099148,34547444.722637005,2
ORACLE CORP,012142,2016.0,3.850847082369006,0.0020858436006059924,33863496.86920366,3
BANK OF MONTREAL,015580,2016.0,3.7962651302930115,0.0014140591012696002,22957131.558090065,4
ROYAL BANK OF CANADA,015633,2016.0,3.722119942488915,0.002551465282229818,41422826.03142888,5
AMGEN INC,001602,2016.0,3.6637670489133694,0.0012710885872967658,20636017.18935171,6
CANADIAN IMPERIAL BANK,015581,2016.0,3.4807983563185965,0.0010319198156623953,16753132.131671073,7
INTEL CORP,006008,2016.0,3.180899322000652,0.003283290763072203,53303951.669089206,8
GILEAD SCIENCES INC,024856,2016.0,3.073114849389231,0.001680152327778205,27277132.894802246,9
LVMH MOET HENNESSY LOUIS V,014447,2016.0,2.991722728980594,0.0021935148826525415,35611531.15203635,10
