gvkey,conm,ind2d,sector_name,markup,weight,markup_base,weight_base,markup_change,contribution
006008,INTEL CORP,33,Manufacturing,3.181477526900057,0.010028931270506624,2.072133043217052,0.0008490938325545084,1.1093444836830049,0.011125539582172512
003144,COCA-COLA CO,31,Manufacturing,2.581918730503564,0.007069580039018957,1.5618834960765753,0.005874755471725015,1.0200352344269885,0.007211220732401061
011259,WALMART INC,45,Retail Trade,1.2221353684278955,0.08142336416723947,1.1705592516796974,0.001632686416253182,0.051576116748198064,0.00419950093632059
008479,PEPSICO INC,31,Manufacturing,2.2016791845564527,0.010605129992364414,1.8754180070697943,0.005936987768792616,0.3262611774866584,0.0034600421987078904
004839,FORD MOTOR CO,33,Manufacturing,1.021639996518478,0.02563510140035539,0.8885483534798888,0.03684824853925101,0.1330916430385891,0.003411817764834136
008543,ALTRIA GROUP INC,31,Manufacturing,2.3278649374915,0.003265520130294283,1.4791201808834809,0.007281413247068034,0.8487447566080191,0.002771593088185208
010499,TEXAS INSTRUMENTS INC,33,Manufacturing,2.4405971207181576,0.002257847863786242,1.2535277864535708,0.00404862957860491,1.1870693342645868,0.002680221960535454
007906,NIKE INC  -CL B,31,Manufacturing,1.7021678186457154,0.005800828281305717,1.2519060611681987,0.0004548135347870612,0.45026175747751673,0.0026118911367659947
005073,GENERAL MOTORS CO,33,Manufacturing,1.0269540694961639,0.028097287028927075,0.9414915841473563,0.05735919015509045,0.08546248534880752,0.0024012639810509196
007228,MEDTRONIC PLC,33,Manufacturing,2.937863839830488,0.005017252059318569,2.48275908712335,0.00031155395827306843,0.4551047527071379,0.0022833752577255556
006829,LOWE'S COS INC,44,Retail Trade,1.172361011423964,0.010979692936409132,0.9715524386674991,0.0008779609621300521,0.2008085727564649,0.002204816467864557
001078,ABBOTT LABORATORIES,33,Manufacturing,2.1093344438610173,0.0035215333959262903,1.5800254695717146,0.0020251146392080864,0.5293089742893027,0.0018639792297232695
008546,KONINKLIJKE PHILIPS NV,33,Manufacturing,1.5923700997964834,0.004368654103158695,1.1824455242410155,0.016884289000988918,0.4099245755554679,0.0017908186789859812
010115,STRYKER CORP,33,Manufacturing,2.6155498938360022,0.0019125001538802685,1.7042935624452442,3.5890904709592354e-05,0.911256331390758,0.0017427778740091936
010530,THERMO FISHER SCIENTIFIC INC,33,Manufacturing,1.6695000419030943,0.003086023758236063,1.1876256416467692,0.00017351278139184187,0.4818744002563251,0.0014870758476767734
003813,TARGET CORP,45,Retail Trade,1.265761301000344,0.01173591154030104,1.152162636602248,0.004007730917964407,0.11359866439809596,0.0013331838764723994
004611,MACY'S INC,45,Retail Trade,1.468922061164798,0.00435323876085877,1.1957344259605234,0.006260374537657195,0.2731876352042746,0.0011892510025585939
010247,SYSCO CORP,42,Wholesale Trade,1.1442684695605605,0.008505672436024285,1.014187538954021,0.001185301052763638,0.13008093060653958,0.0011064257859124316
011060,VF CORP,31,Manufacturing,1.8517900114492845,0.002029699345429352,1.3208343973110175,0.0006297153722883104,0.530955614138267,0.00107768026246848
005568,KRAFT HEINZ CO,31,Manufacturing,1.626419751460244,0.004472970558571892,1.3914999079444572,0.003546055565229158,0.23491984351578687,0.0010507895436704306
008551,PVH CORP,31,Manufacturing,1.944228614431019,0.0013852918333152524,1.2124156893145794,0.00041667410792039535,0.7318129251164396,0.00101377446867835
008549,CONOCOPHILLIPS,21,"Mining, Quarrying, and Oil and Gas Extraction",1.2847368405742958,0.004001136083521872,1.0317769022577714,0.013291023412882524,0.2529599383165244,0.001012127136883713
002721,CANON INC,33,Manufacturing,1.8885220786727823,0.004918850422262074,1.6880198312081587,0.0020340282460446337,0.20050224746462364,0.0009862405646058588
002710,CONSTELLATION BRANDS,31,Manufacturing,1.8776078366786562,0.001238101092995425,1.1335518884406572,5.0136181848771395e-05,0.7440559482379989,0.0009212164827632139
006733,BATH & BODY WORKS INC,45,Retail Trade,1.6174308709519467,0.002123424011910861,1.1966898795461414,0.0002636354969079859,0.42074099140580534,0.0008934115239462682
008068,OCCIDENTAL PETROLEUM CORP,21,"Mining, Quarrying, and Oil and Gas Extraction",1.5103221281931778,0.0017039405344504996,0.9973774921043936,0.012396183133737729,0.5129446360887842,0.0008740271573606399
011672,TJX COS INC (THE),45,Retail Trade,1.2898062799459133,0.0056038777489027325,1.1378227753584296,0.0015840356699434407,0.15198350458748378,0.0008516969795580567
007163,S&P GLOBAL INC,56,Administrative and Support and Waste Management and Remediation Services,2.78195383450854,0.0009559967656614747,1.9062061940309634,0.0009937474331897444,0.8757476404775768,0.0008372119118322314
010795,UNITED AIRLINES HOLDINGS INC,48,Transportation and Warehousing,1.1188470208634531,0.006173364735121157,0.9900036067405248,0.00500907940926357,0.12884341412292832,0.000795397389099097
011506,WILLIAMS COS INC,48,Transportation and Warehousing,1.6793303919863452,0.001266387519112418,1.0834245461920011,0.0020594237289490265,0.595905845794344,0.0007546477256800866
003532,CORNING INC,33,Manufacturing,1.7522887144661412,0.0015857286044093355,1.286512198277249,0.0015198837331023237,0.46577651618889226,0.0007385951449828544
002044,BARD (C.R.) INC,33,Manufacturing,2.6193001106691267,0.0006271987259612642,1.4748540499289713,0.000244966702029836,1.1444460607401554,0.0007177951112276131
002817,CATERPILLAR INC,33,Manufacturing,1.210465370127544,0.006507904497137652,1.102366653646874,0.008542787477874984,0.10809871648067015,0.0007034961231193613
005047,GE AEROSPACE,33,Manufacturing,1.2293346376580296,0.020212213546809854,1.1947212005313685,0.024799321484046167,0.034613437126661095,0.0006996141827931505
004423,EQUIFAX INC,56,Administrative and Support and Waste Management and Remediation Services,2.4555015936525475,0.0005310924268377976,1.1930034527254647,0.0003687337873032335,1.2624981409270828,0.0006705032015431722
003469,CONTINENTAL RESOURCES INC,21,"Mining, Quarrying, and Oil and Gas Extraction",3.948835829653028,0.0003344169904834385,1.945194437684761,1.6573287485632036e-05,2.0036413919682667,0.0006700517243100754
005256,GRAINGER (W W) INC,42,Wholesale Trade,1.6026248471566042,0.001711912071515733,1.2232899725658695,0.0007775643981366037,0.3793348745907348,0.0006493879509587855
002111,BECTON DICKINSON & CO,33,Manufacturing,1.8817338113670574,0.0021080564610055095,1.581564033495394,0.0009360042316173522,0.30016977787166343,0.0006327748396409487
004990,GAP INC,45,Retail Trade,1.4887801879304408,0.0026202518664552982,1.2585957308447344,0.0003674748931039351,0.23018445708570634,0.0006031412533078215
005439,HALLIBURTON CO,21,"Mining, Quarrying, and Oil and Gas Extraction",1.0491588707149127,0.002682904189377115,0.8266261814959177,0.008274022011944918,0.22253268921899494,0.000597033884178997
004016,DOLLAR GENERAL CORP,45,Retail Trade,1.320113141208323,0.0037129688351702967,1.1642050619571673,0.00020841107733655736,0.15590807925115557,0.0005788818394108014
010793,TYSON FOODS INC  -CL A,31,Manufacturing,1.0640373835005423,0.006228248845497412,0.9711062497667844,0.0003878218823803604,0.09293113373375794,0.0005787982263880436
005597,HERSHEY CO,31,Manufacturing,1.7042854507328427,0.0012564545083794307,1.2546012595115021,0.001326746311355043,0.4496841912213405,0.0005650077294070113
009155,RITE AID CORP,45,Retail Trade,1.1932001254295026,0.005546684959532773,1.0939295501236972,0.0009381106686359098,0.09927057530580541,0.0005506226069728764
004321,EMERSON ELECTRIC CO,33,Manufacturing,1.5320323502102289,0.002452390925796844,1.3282336324632256,0.0030472194839589782,0.2037987177470033,0.0004997941260917832
007912,NOBLE ENERGY INC,21,"Mining, Quarrying, and Oil and Gas Extraction",2.4907157675814955,0.0005723146155850093,1.6330783200943966,0.0002694609875871382,0.8576374474870989,0.0004908384460698876
002435,BROWN FORMAN CORP,31,Manufacturing,2.972461132556415,0.0005056093122046379,2.0208596793183493,0.000497096283525135,0.9516014532380659,0.0004811385562646324
003362,CONAGRA BRANDS INC,31,Manufacturing,1.3675622275525205,0.0013217613646274151,1.0100029622311943,0.0013679996880406517,0.3575592653213262,0.00047260802246629213
009203,ROCKWELL AUTOMATION,33,Manufacturing,1.4924289796765169,0.0009928957752528952,1.0760808730117681,0.006862314749371563,0.41634810666474875,0.0004133902761419708
001632,ANALOG DEVICES INC,33,Manufacturing,2.6615078298089165,0.0005777876590717294,1.9497200364302412,0.00013479209714033826,0.7117877933786754,0.0004112622028920967
007017,MARATHON OIL CORP,21,"Mining, Quarrying, and Oil and Gas Extraction",1.6089241970850383,0.0006807318428513345,1.010816413492588,0.008127418963465147,0.5981077835924502,0.00040715101374861576
004199,EATON CORP PLC,33,Manufacturing,1.2937783101182212,0.0033347585464612505,1.1720446821725519,0.0031561441370704826,0.12173362794566933,0.00040595225618355495
016476,LEVI STRAUSS & CO,31,Manufacturing,1.950982212061099,0.0007688400916624019,1.4240204426048466,0.002822668329768907,0.5269617694562523,0.0004051493351313265
001678,APA CORP,21,"Mining, Quarrying, and Oil and Gas Extraction",2.0733100246873684,0.0009063477550441855,1.6327681972757202,9.607538729830362e-05,0.44054182741164816,0.00039928409627761036
009777,SMUCKER (JM) CO,31,Manufacturing,1.5466500492822195,0.0012477269215844914,1.2331827713508252,0.00016835797231057935,0.3134672779313943,0.0003911215617108088
010484,UNITED AIRLINES INC,48,Transportation and Warehousing,1.1188470208634531,0.006173364735121157,1.0562756481268305,0.00028963111564219406,0.06257137273662261,0.00038627590588038746
002663,CAMPBELL'S CO (THE),31,Manufacturing,1.478011764027932,0.0013444073929395866,1.1948618466818162,0.0025441864262895596,0.28314991734611583,0.000380668842190351
003835,DEERE & CO,33,Manufacturing,1.1925937602815129,0.004391742075215034,1.1079963810732782,0.0054348191451827,0.08459737920823462,0.0003715298697217255
007922,NORDSTROM INC,45,Retail Trade,1.4935528671918108,0.0024920763594535214,1.3446316191697294,0.00040520396219292915,0.1489212480220814,0.00037112312161614354
001380,HESS CORP,21,"Mining, Quarrying, and Oil and Gas Extraction",1.4703979036670856,0.0008041788726514649,1.0136756768111574,0.007818610328532774,0.4567222268559281,0.00036728636550786685
007620,MURPHY OIL CORP,21,"Mining, Quarrying, and Oil and Gas Extraction",2.3045635451932296,0.00030559050472034327,1.230265738753727,0.0019541376477063693,1.0742978064395026,0.00032829520888980523
004988,TEGNA INC,51,Information,2.153166083634788,0.000564242091756684,1.5777609418866072,0.001207209984961371,0.5754051417481809,0.0003246678007875449
007881,NEWMONT CORP,21,"Mining, Quarrying, and Oil and Gas Extraction",1.255353486219534,0.0011333146607232214,0.9693533006667453,0.0008759578597576878,0.2860001855527886,0.000324128203256537
010639,TOYS R US INC,45,Retail Trade,1.3925805908995423,0.001963500157983743,1.2353170766529749,0.0005935104892306688,0.15726351424656748,0.00030878693506821385
008463,PENTAIR PLC,33,Manufacturing,1.376204438836491,0.0008257947684304208,1.0086278536892126,0.00020950304633815867,0.3675765851472783,0.00030354282101214153
007116,MATTEL INC,33,Manufacturing,1.67875938934496,0.0009214873257987433,1.352218475314261,0.0009098317516617745,0.32654091403069896,0.00030090331363402613
006375,KELLANOVA,31,Manufacturing,1.5652268278579564,0.0021924935538920557,1.4290605360954511,0.00213714032530776,0.13616629176250528,0.0002985437169466777
002270,VALARIS LIMITED,21,"Mining, Quarrying, and Oil and Gas Extraction",1.903619001633488,0.00046886228938041304,1.2670490293930214,7.623116081970392e-05,0.6365699722404665,0.00029846365453549113
008446,OLD COPPER CO INC,45,Retail Trade,1.3837923236608702,0.0021188644088949876,1.2446702234280624,0.011638064527530459,0.1391221002328078,0.0002947808666740175
001327,SKYWORKS SOLUTIONS INC,33,Manufacturing,1.9162800314905761,0.0005554271970077001,1.3861173204047437,2.938976442071403e-05,0.5301627110858325,0.0002944667885764071
011300,GRAHAM HOLDINGS CO,61,Educational Services,1.8801625636942891,0.00041912715292837974,1.1837233972685055,0.0006553155372803553,0.6964391664257836,0.0002918965650118527
011264,WALGREENS BOOTS ALLIANCE INC,45,Retail Trade,1.2180509446772727,0.019817554574658138,1.2036328883038134,0.0015209290027926646,0.014418056373459276,0.0002857306190415268
005109,GENESCO INC,45,Retail Trade,1.856827691534299,0.0004843887508945769,1.2772017435431715,0.0008293430046984297,0.5796259479911274,0.00028076428893350724
008823,PULTEGROUP INC,23,Construction,1.2313642326610246,0.0012950076406204986,1.0196379956343808,0.0003237404913073177,0.21172623702664373,0.0002741870946693303
003851,DELTA AIR LINES INC,48,Transportation and Warehousing,1.0830137600404086,0.0066940038498596,1.042552375005722,0.0029380424558461938,0.04046138503468666,0.00027084866719284407
003505,MOLSON COORS BEVERAGE CO,31,Manufacturing,1.6891060413015886,0.0008249503975015553,1.3608432535386508,0.0008822165610689587,0.3282627877629378,0.00027080051725000424
006304,KLA CORP,33,Manufacturing,2.2274086274413243,0.0005040038253204931,1.700559638138449,7.202623560152675e-06,0.5268489893028754,0.0002655339059748847
007585,MOTOROLA SOLUTIONS INC,33,Manufacturing,1.6824921957452526,0.0010196623336979306,1.4270136501371107,0.0030789352715214105,0.25547854560814187,0.00026050185002455113
011228,VULCAN MATERIALS CO,21,"Mining, Quarrying, and Oil and Gas Extraction",1.3849187171105037,0.0006067087143788577,0.9604591405060654,0.0007491563128547269,0.42445957660443834,0.00025752332402747305
010190,SUPERVALU INC,42,Wholesale Trade,1.0786567872564707,0.00210754983844819,0.9575369390946434,0.004176766527089446,0.1211198481618273,0.00025526611642632846
007346,MICROSEMI CORP,33,Manufacturing,2.033055988119346,0.0002794867774544675,1.1592355380451345,6.697873557592659e-06,0.8738204500742115,0.0002442212616650538
011499,WILEY (JOHN) & SONS  -CL A,51,Information,2.8795577291326393,0.00029021535447663205,2.0414569519692813,0.00011948863348004422,0.838100777163358,0.00024322971413160473
009771,SMITH (A.O.),33,Manufacturing,1.4674464369127174,0.0004535791755679482,0.9745969187002426,0.000689246064519375,0.4928495182124748,0.0002235462781498748
008219,OXFORD INDUSTRIES INC,31,Manufacturing,2.368293378837867,0.0001750833518355972,1.1127674530247929,0.0003316118092606256,1.255525925813074,0.00021982168740784433
001230,ALASKA AIR GROUP INC,48,Transportation and Warehousing,1.249906926612565,0.0010015927958202096,1.0387430261625872,0.000130012869753894,0.2111639004499779,0.00021150024142799377
006506,KUBOTA CORP,33,Manufacturing,1.2132867405146999,0.0023080884406762943,1.1223766163650661,0.002631909592088809,0.09091012414963373,0.00020982860669021644
004145,REVVITY INC,33,Manufacturing,1.6640828278190605,0.0003572562108641346,1.0904895572413276,0.0006091706561408035,0.5735932705777329,0.00020491975842376717
008253,PACCAR INC,33,Manufacturing,1.0618111020609788,0.0028764846685288108,0.990752855528303,0.0016630002308754331,0.0710582465326759,0.00020439795672378273
005709,HORMEL FOODS CORP,31,Manufacturing,1.1960412376515932,0.00160822669893477,1.069303495945933,0.0013135085470162495,0.1267377417056601,0.00020382301997374128
002086,BAXTER INTERNATIONAL INC,33,Manufacturing,1.6296305033490295,0.0017162683500119356,1.5118879476269258,0.0013655911959024522,0.11774255572210368,0.00020207782183536327
005125,GENUINE PARTS CO,42,Wholesale Trade,1.3200091101973874,0.002590481542867917,1.2440446698590362,0.0014225534260141907,0.07596444033835126,0.00019678448061079
010407,TELEFLEX INC,33,Manufacturing,1.8944346407165962,0.000315461538627152,1.327055224516972,7.799877943103121e-05,0.5673794161996242,0.00017898638361970868
004941,GATX CORP,53,Real Estate and Rental and Leasing,1.9199583730741687,0.0002395142576819766,1.1749540033801338,0.0009863202554945946,0.7450043696940349,0.00017843916857709566
011584,FOOT LOCKER INC,45,Retail Trade,1.3475298289515494,0.0013114769267138335,1.2166369183071464,0.007171821886768108,0.130892910644403,0.00017166303218055007
005639,HILL-ROM HOLDINGS INC,33,Manufacturing,1.8631307525257075,0.0004483947380647143,1.505644217643887,0.0003243942816649643,0.3574865348818206,0.00016029508116999628
005288,GRAYBAR ELECTRIC CO INC,42,Wholesale Trade,1.1399405478250637,0.0010782670801351383,0.9940654418833467,0.0014240388615532208,0.14587510594171704,0.0001572923245481792
001598,AMETEK INC,33,Manufacturing,1.3283328101757241,0.0006484915654228361,1.0861643926995046,0.0003976197953237547,0.24216841747621953,0.0001570441761451245
004058,DOVER CORP,33,Manufacturing,1.4205120994808427,0.0011473889731139226,1.2866770311247049,0.0008298239082441759,0.1338350683561378,0.00015356088164778057
009258,ROWAN COMPANIES LTD,21,"Mining, Quarrying, and Oil and Gas Extraction",1.9432263076152252,0.0002871705529071432,1.4090488908825076,0.0002535315544354804,0.5341774167327176,0.00015340002411364396
005046,GENERAL DYNAMICS CORP,33,Manufacturing,1.0434218676043168,0.005294712346543758,1.0158892264159078,0.004712346023900314,0.027532641188408924,0.00014577741523322794
004669,FINNING INTERNATIONAL INC,42,Wholesale Trade,1.294853154204387,0.0009504239175309626,1.1460757408846323,0.0004355227448270164,0.1487774133197548,0.00014140161200748458
001661,NABORS INDUSTRIES LTD,21,"Mining, Quarrying, and Oil and Gas Extraction",1.4737581554084938,0.00037622449715853985,1.1043852494571633,0.00015016908737580838,0.36937290595133043,0.00013896713580552791
010016,STANLEY BLACK & DECKER INC,33,Manufacturing,1.3608905727287282,0.0019263309496950851,1.2888737027483355,0.000933777568712358,0.0720168699803927,0.00013872832554339732
007985,NORTHROP GRUMMAN CORP,33,Manufacturing,1.1001407243491423,0.004138768544926942,1.0673716438169634,0.001644809358735928,0.032769080532178974,0.00013562363975276015
003580,CRANE CO,33,Manufacturing,1.3359691789918458,0.0004640662625044573,1.0472462356474619,0.0015178269762021284,0.28872294334438386,0.0001339865772171144
010735,TRINITY INDUSTRIES INC,33,Manufacturing,1.186221530053158,0.0007748454265826787,1.0149630869929274,0.0007111897727999615,0.17125844306023064,0.0001326988213688898
007146,MCCORMICK & CO INC,31,Manufacturing,1.6159860134451536,0.0007449884705379961,1.4459301195329526,0.0005444603147692952,0.170055893912201,0.00012668968031162234
005071,GENERAL MILLS INC,31,Manufacturing,1.5148179097046377,0.0026377810069385453,1.470305586184951,0.004821354139610667,0.0445123235196867,0.00011741376155493349
003964,DILLARDS INC  -CL A,45,Retail Trade,1.3711866587224657,0.0010838360441593775,1.2665659318610711,0.00046772142313992966,0.10462072686139456,0.0001133917147385326
011566,WOLVERINE WORLD WIDE,31,Manufacturing,1.5281800840124828,0.0004212735438295557,1.263197471113778,0.0002516963708631805,0.26498261289870495,0.00011163016438905277
008486,TUTOR PERINI CORP,23,Construction,1.0241859401975644,0.0008398241602877062,0.8921135445702216,0.0007590774324916594,0.13207239562734274,0.00011091758875491884
012616,WACOAL HOLDINGS CORP,31,Manufacturing,2.0239510474137954,0.00029691442455206485,1.6638673939730422,0.0004107611802329255,0.3600836534407532,0.00010691403075196639
002675,MAPLE LEAF FOODS INC,31,Manufacturing,1.15115181204088,0.0005626570386490177,0.9671009505999217,0.0029220206176743817,0.18405086144095817,0.00010355751265917021
008512,PDC ENERGY INC,21,"Mining, Quarrying, and Oil and Gas Extraction",2.712644126416174,6.466445884530358e-05,1.1486006485780194,1.2027556655490156e-05,1.5640434778381547,0.00010113802510493084
005968,RYERSON HOLDING CORP,42,Wholesale Trade,1.1764215809172112,0.0004829295090553117,0.9684435386975654,0.003235066966703052,0.20797804221964578,0.00010043873382341842
008213,ACCENDRA HEALTH INC,42,Wholesale Trade,1.0527548141534793,0.0016420364930458432,0.993550485783022,0.00014858627880478848,0.059204328370457304,9.721566773056024e-05
010453,TERADYNE INC,33,Manufacturing,1.9732088603642906,0.00029607866620667383,1.6498618191801928,0.00016391458252426364,0.32334704118409774,9.573616067566209e-05
005572,HELEN OF TROY LTD,33,Manufacturing,1.4712150636242365,0.00025959660697992695,1.1029394124286682,8.30850299489539e-06,0.36827565119556827,9.560310948369259e-05
011440,WESTMORELAND COAL CO,21,"Mining, Quarrying, and Oil and Gas Extraction",1.1674115270569436,0.0002495892916051993,0.7854870439440477,0.0004449550120992649,0.38192448311289595,9.53242611868296e-05
001860,ATWOOD OCEANICS,21,"Mining, Quarrying, and Oil and Gas Extraction",2.231020484142601,0.0001723604244641919,1.7078144154317816,5.418113708582224e-05,0.5232060687108195,9.0180020085238e-05
005518,HASBRO INC,33,Manufacturing,1.8456259116191593,0.0008477183529758549,1.7400028622767916,0.00010117952265883669,0.10562304934236777,8.953859742479946e-05
002436,CALERES INC,45,Retail Trade,1.5742369320604743,0.00043559204829288466,1.3726011455066098,0.0012130732325304789,0.2016357865538645,8.783094527414473e-05
004809,FLOWERS FOODS INC,31,Manufacturing,1.7604170308158398,0.000663149506999569,1.6300061208164462,0.00032199969995990596,0.13041090999939353,8.648193067346298e-05
009599,SEMTECH CORP,33,Manufacturing,2.2583180824847204,9.191349083909242e-05,1.3241814638372202,1.5001408540651828e-05,0.9341366186475002,8.585975754051777e-05
008972,RAYTHEON CO,33,Manufacturing,1.1225093388758767,0.004064632777372555,1.1018875071633925,0.004970080516349237,0.020621831712484218,8.382017310802415e-05
011115,VARIAN MEDICAL SYSTEMS INC,33,Manufacturing,1.4857396050328322,0.000543403354980656,1.3348966712475852,0.0006168909465342903,0.15084293378524705,8.196855629402819e-05
006737,LINCOLN ELECTRIC HLDGS INC,33,Manufacturing,1.3138409860608973,0.00038412358719807624,1.105110265777926,0.00045351986450490933,0.20873072028297135,8.01783930335332e-05
007260,MEREDITH CORP,51,Information,1.781766092419606,0.0002785795853284945,1.5128620061062679,0.0003467672261682003,0.26890408631333806,7.491118885830741e-05
005862,RAYONIER INC,53,Real Estate and Rental and Leasing,1.5088075361916549,0.00013311980541284152,0.9551092047500018,0.0008338976779498768,0.553698331441653,7.370821413892788e-05
010789,TYLER TECHNOLOGIES INC,54,"Professional, Scientific, and Technical Services",1.5535419660699683,0.00012767614603444592,1.0085861516133907,0.0005602337523492958,0.5449558144565776,6.957785814887842e-05
002080,BASSETT FURNITURE INDS,33,Manufacturing,2.1071540777312667,7.296006547303519e-05,1.1613353329876703,0.00026688060223940526,0.9458187447435964,6.900699754211675e-05
006081,NAVISTAR INTERNATIONAL CORP,33,Manufacturing,1.010914157763683,0.0013697385208055505,0.9627713595600568,0.006271416440764378,0.048142798203626325,6.594304519887523e-05
003662,CURTISS-WRIGHT CORP,33,Manufacturing,1.3704064043619992,0.000356144005476633,1.1924035631508492,0.00018435198961610808,0.17800284121115006,6.339464485516007e-05
005581,HELMERICH & PAYNE,21,"Mining, Quarrying, and Oil and Gas Extraction",1.629773814524409,0.00027429085650660105,1.3988303322705116,0.00019701445818426721,0.23094348225389738,6.334568555203853e-05
011017,UNIVERSAL CORP/VA,42,Wholesale Trade,1.166766508726543,0.0003497752533085724,0.985904337917965,0.0009860241619891559,0.18086217080857814,6.32611116085087e-05
007420,MSA SAFETY INC,33,Manufacturing,1.5994074594138854,0.00019412594277174263,1.275333177020154,0.0003035455231930808,0.3240742823937315,6.291122559775908e-05
006669,LENNAR CORP,23,Construction,1.1871767667436126,0.0018491721653411733,1.154151499602417,0.00020066395967915492,0.03302526714119569,6.106940475045553e-05
003358,COMTECH TELECOMMUN,33,Manufacturing,1.4663408825830684,6.940796584948398e-05,0.6497920377865911,2.5754173358967766e-05,0.8165488447964773,5.667499433406949e-05
028590,BRINKS CO,56,Administrative and Support and Waste Management and Remediation Services,1.1450801381769065,0.0005101013655462021,1.0341572768565894,0.002038482565456989,0.11092286132031703,5.6581903029785727e-05
005252,GRACO INC,33,Manufacturing,1.8982928648339772,0.00022448327302887098,1.6511895481542738,0.00011614416791190048,0.24710331667970342,5.547056130454943e-05
006223,EMCOR GROUP INC,23,Construction,1.0749959998186631,0.0012752574668459641,1.0324414439923129,4.091058386890968e-05,0.04255455582635026,5.4268015065866594e-05
005523,HAVERTY FURNITURE,44,Retail Trade,1.805802319136133,0.00013878080586832714,1.4182563933555714,0.00011022726581496172,0.3875459257805616,5.3783935890813235e-05
005860,ITT INC,33,Manufacturing,1.270613912508687,0.0004062099664585959,1.1392366617069463,0.01841105939209861,0.13137725080174079,5.3366748641597665e-05
003969,DIODES INC,33,Manufacturing,1.3598010828019909,0.00015910684061634807,1.0467643959785895,5.182629947545366e-06,0.31303668682340136,4.9806278237480585e-05
010618,TORO CO,33,Manufacturing,1.3496526925564591,0.0004041601715916821,1.2290646166346748,0.000399428151632139,0.12058807592178433,4.873689745645914e-05
006494,KOMATSU LTD,33,Manufacturing,1.2511978393469239,0.002732953094066315,1.234196615539717,0.0031550422320452093,0.01700122380720681,4.6463547206819745e-05
004881,FRANKLIN ELECTRIC CO INC,33,Manufacturing,1.3367480206692453,0.00016040615860168624,1.04817739359198,0.0001550894062984013,0.2885706270772652,4.628850577474386e-05
007938,NACCO INDUSTRIES  -CL A,21,"Mining, Quarrying, and Oil and Gas Extraction",1.1717525603511518,0.0001446302699151355,0.8519128408652074,0.0004409796090279212,0.3198397194859445,4.625850495883337e-05
009216,ROGERS CORP,33,Manufacturing,1.4627322737143689,0.0001108344923614812,1.056456208023361,8.752941333763687e-05,0.4062760656910078,4.5029401499482646e-05
011462,HANDY & HARMAN LTD,33,Manufacturing,1.215774058527682,0.0001398857496658405,0.9022879684205618,0.0010473085623984063,0.31348609010712014,4.385223672444772e-05
006672,LEON'S FURNITURE LTD,44,Retail Trade,1.3762333259565025,0.0003620216715124655,1.2583884171904585,9.069304327494218e-05,0.11784490876604403,4.266241085071726e-05
007991,TEREX CORP,33,Manufacturing,1.0080717726596282,0.0007503248948084258,0.9565379306463456,2.7780128585778545e-05,0.051533842013282594,3.86671245876903e-05
005878,ILLINOIS TOOL WORKS,33,Manufacturing,1.4582879729708023,0.0022965200523282804,1.4416599913892698,0.00039908436521307253,0.016627981581532447,3.818649313173458e-05
003552,TRUE VALUE CO,42,Wholesale Trade,1.1053673111731883,0.0002556934179241535,0.9577249460124199,0.0012202371055983088,0.14764236516076845,3.775118097836285e-05
006543,LA-Z-BOY INC,33,Manufacturing,1.4047993010837616,0.0002566988948262465,1.2705068338513696,0.00015462141958342928,0.13429246723239197,3.447272792204494e-05
003619,CROWN HOLDINGS INC,33,Manufacturing,1.0323191660444409,0.0013989537549442955,1.008137311065451,0.0014504507996793042,0.024181854978989836,3.382929682437624e-05
007921,NORDSON CORP,33,Manufacturing,1.9914402504427702,0.0003054923888184091,1.885496972023149,0.00014814511935373208,0.10594327841962126,3.2364865203663905e-05
007770,HIGH LINER FOODS INC,31,Manufacturing,1.1645082901080113,0.0002167579545264951,1.0246099334832175,0.0002726901952806816,0.13989835662479377,3.0324081623608442e-05
004225,EDUCATIONAL DEVELOPMENT CORP,42,Wholesale Trade,3.57897378633366,1.8006885554799043e-05,1.919906449361066,4.133385847735568e-06,1.659067336972594,2.9874635664570716e-05
003516,CORBY SPIRIT AND WINE LTD,31,Manufacturing,3.047474758335827,2.3642723756604448e-05,1.7942363612653225,5.914020650073768e-05,1.2532383970705043,2.962996922310769e-05
003708,WENDY'S CO,72,Accommodation and Food Services,1.3018965215300975,0.00024240504599404037,1.1829193191485,0.0002651189452422814,0.11897720238159759,2.8840674215553414e-05
002101,APPLIED INDUSTRIAL TECH INC,42,Wholesale Trade,1.2875801547813965,0.00042546635211393,1.2199416660233073,0.00033009656565057834,0.0676384887580892,2.8777901074403276e-05
008440,RANGER OIL CORPORATION,21,"Mining, Quarrying, and Oil and Gas Extraction",2.7178730664579405,2.230844881481125e-05,1.4407775779041072,5.010736738012132e-05,1.2770954885538333,2.8490019338029557e-05
006326,KAMAN CORP,33,Manufacturing,1.2197959988238187,0.0003053880245716013,1.1312712569283412,0.0003789400708195652,0.08852474189547754,2.7034396053170757e-05
004579,FARMER BROS CO,31,Manufacturing,1.5692616286137426,9.193206699952745e-05,1.282710643947392,0.00016777969573284328,0.28655098466635054,2.63432243211275e-05
001094,ACETO CORP,42,Wholesale Trade,1.2807397062200316,9.432028573473052e-05,1.007298754273226,8.854884936642936e-05,0.27344095194680573,2.5791028719199434e-05
005496,ENVIRI CORP,33,Manufacturing,1.204442273309213,0.00024507410250018414,1.1031569575040177,0.001056423870515504,0.1012853158051954,2.4822407867405977e-05
003093,CLARCOR INC,33,Manufacturing,1.3182113181941661,0.000234663008947273,1.217407068691561,0.00011117416887094537,0.10080424950260514,2.3655028502952968e-05
009849,AMERICAN STATES WATER CO,22,Utilities,1.5920535126110074,7.364383705123044e-05,1.2919992422307542,3.629331366832623e-05,0.3000542703802531,2.20971477944092e-05
002220,BIO-RAD LABORATORIES INC,33,Manufacturing,2.161056245084184,0.00034926086253870756,2.099180738477557,4.579016509444559e-05,0.061875506606626995,2.161069280745004e-05
008692,POTLATCHDELTIC CORP,53,Real Estate and Rental and Leasing,1.0919490831178456,0.00010117235582247374,0.894035663105731,0.0008143495449767158,0.19791342001211454,2.0023366951508348e-05
007951,MOVADO GROUP INC,33,Manufacturing,1.8460260680676492,9.334554393444823e-05,1.6495185964847026,7.365276267670539e-05,0.19650747158294668,1.8343096822093288e-05
011178,VILLAGE SUPER MARKET  -CL A,44,Retail Trade,1.0542798481675977,0.00027609308181717146,0.9909271930584319,0.00024372569267314812,0.06335265510916577,1.749122979038995e-05
002049,BARNES GROUP INC,33,Manufacturing,1.4259223748413756,0.00020784257963697627,1.3428448281317522,0.0004311210863401249,0.08307754670962342,1.726705161803952e-05
001686,APOGEE ENTERPRISES INC,33,Manufacturing,1.1560154028542824,0.0001882158528922417,1.0646012734964874,0.00010558316835046266,0.09141412935779503,1.72055883234791e-05
010124,STURM RUGER & CO INC,33,Manufacturing,1.333393224771894,0.00011238070440641965,1.186295466251009,7.982303337729143e-05,0.14709775852088502,1.6530949719182477e-05
002818,CATO CORP  -CL A,45,Retail Trade,1.4144545562535085,0.000161539811010781,1.3137282802822303,7.191793294349715e-05,0.10072627597127815,1.6271303584220043e-05
008386,PATRICK INDUSTRIES INC,33,Manufacturing,0.9939982654057158,0.00020634517223172628,0.9168353187107403,4.642905141658357e-05,0.07716294669497548,1.5922201525682228e-05
005792,HUTTIG BUILDING PRODUCTS INC,42,Wholesale Trade,1.1807263258947551,0.0001205592812234105,1.0498225350561816,0.00015567563169507532,0.1309037908385735,1.578166693291809e-05
004001,DIXIE GROUP INC,31,Manufacturing,1.248956195547455,6.711955175807279e-05,1.0149669690912277,0.00021526792727290906,0.23398922645622733,1.5705251995960167e-05
002577,CTS CORP,33,Manufacturing,1.371558290232383,6.698884313828443e-05,1.1399977492622755,0.00018677439218744928,0.2315605409701076,1.551197275606282e-05
011657,YORK WATER CO,22,Utilities,3.828203340607996,8.035709255826818e-06,1.956075793112737,6.715758400203054e-06,1.8721275474952588,1.5043872661496011e-05
007117,MAUI LAND & PINEAPPLE CO,23,Construction,2.9545747656132755,7.998556934956737e-06,1.1531301516774353,0.00010034787747745335,1.8014446139358402,1.4408957309736977e-05
011455,WEYCO GROUP INC,42,Wholesale Trade,1.516338438374371,5.014431860416157e-05,1.2346342402211945,8.040727156923097e-05,0.2817041981531765,1.4125865064322744e-05
005530,HAWKINS INC,42,Wholesale Trade,1.225682555165823,8.166637412056696e-05,1.060912298984219,2.4012388409188818e-05,0.164770256181604,1.3456189385268535e-05
005764,HUBBELL INC,33,Manufacturing,1.2592429917061518,0.0005919377959718426,1.2388381195176328,0.0004034214395460932,0.020404872188519052,1.2078415070359117e-05
008947,U S LIME & MINERALS,21,"Mining, Quarrying, and Oil and Gas Extraction",1.3722790978437904,2.3521134342847824e-05,0.8634430399209544,9.150779721608235e-05,0.508836057922836,1.1968401276888123e-05
005690,HNI CORP,33,Manufacturing,1.3883394251155696,0.0003721124107349651,1.357161408876357,0.00020055466341875803,0.03117801623921257,1.160172678470728e-05
004860,FOSTER (LB) CO,42,Wholesale Trade,1.1783166987275593,8.165303305989088e-05,1.0394965943760945,0.00042787001939450223,0.13882010435146475,1.1335082569987654e-05
006649,LEGGETT & PLATT INC,33,Manufacturing,1.1129998758855646,0.0006332613092305182,1.0955110368594347,0.00022772770095815043,0.017488839026129854,1.1075005098608772e-05
002811,CASTLE (A M) & CO,42,Wholesale Trade,1.2487894211426405,9.003527214492408e-05,1.129210748150005,0.0002894930049131471,0.11957867299263536,1.0766298365620808e-05
013003,JOY GLOBAL INC,33,Manufacturing,1.1393779293255955,0.00040046824414231077,1.113506122230447,0.000638114293098625,0.02587180709514847,1.0360837160182686e-05
011258,WAJAX CORP,42,Wholesale Trade,1.167557717708143,0.0002063487185896275,1.1185700279689503,0.0002350515440071069,0.048987689739192763,1.010854700434867e-05
001968,BADGER METER INC,33,Manufacturing,1.446771957485813,6.649606826419854e-05,1.2970778775433445,5.7697495863499214e-05,0.14969407994246864,9.954067758600788e-06
006788,RANGE RESOURCES CORP,21,"Mining, Quarrying, and Oil and Gas Extraction",1.0863660258379604,0.0001855999917546165,1.0334892992197227,1.4019729401814632e-06,0.052876726618237724,9.813920024356032e-06
011537,WINNEBAGO INDUSTRIES,33,Manufacturing,0.9336999789110944,0.00016469049669474956,0.8745684903270494,9.135080804205777e-05,0.05913148858404493,9.738394225206274e-06
002497,MASTEC INC,23,Construction,1.0590202383516705,0.0008671187883116536,1.0479586178600058,0.00020746417428057367,0.011061620491664703,9.591738957495656e-06
007291,METHODE ELECTRONICS INC,33,Manufacturing,1.1650957976762752,0.00013788577268372974,1.096003310861514,4.438024333532618e-05,0.06909248681476132,9.526870931093774e-06
010195,SUPERIOR INDUSTRIES INTL,33,Manufacturing,0.9837113495260408,0.00012373023180967184,0.9086894736462069,4.9692041590613275e-05,0.07502187587983389,9.282474093408275e-06
002390,BRIDGFORD FOODS CORP,31,Manufacturing,1.555315285439301,2.365302508193661e-05,1.1730847618712776,4.04515395752429e-05,0.38223052356802345,9.040908161036222e-06
004763,MAGELLAN AEROSPACE CORP,33,Manufacturing,1.0604008781199674,0.00016952316926901816,1.0094387781039917,3.632808975117977e-05,0.050962100015975675,8.639256707312877e-06
010839,UNIFI INC,31,Manufacturing,1.096909399619335,0.0001086936743084357,1.0189798362957017,0.00014197683585788053,0.07792956332363343,8.470450574897629e-06
002393,BRIGGS & STRATTON,33,Manufacturing,1.0803971992663046,0.00030545591199428206,1.0545294873829962,0.0007040288805392331,0.025867711883308386,7.90144552452129e-06
008599,AGILYSYS INC,51,Information,1.5086804187384442,2.1561518291136858e-05,1.1596013493202002,9.410904821352749e-05,0.34907906941824396,7.5266747403145005e-06
001633,ANALOGIC CORP,33,Manufacturing,1.6190143356508273,8.59312916822664e-05,1.5360405362978864,6.658129462902894e-05,0.08297379935294091,7.130045754183412e-06
009016,REGAL REXNORD CORP,33,Manufacturing,1.20280551255077,0.0005445348120253357,1.1897777355302637,3.996467441529327e-05,0.013027777020506282,7.094078110969376e-06
004497,DMC GLOBAL INC,33,Manufacturing,1.1497942690256058,2.6779224008968085e-05,0.8902510548798725,4.819965083501259e-06,0.2595432141457332,6.950365871616164e-06
015343,MUELLER INDUSTRIES,33,Manufacturing,0.9784304874385154,0.0003471414915072552,0.959630816463494,0.0007707204650310262,0.018799670975021332,6.52614582211456e-06
010198,SUPERIOR GROUP OF COS INC,31,Manufacturing,1.428080968121009,4.265694382953998e-05,1.2772624465122742,7.247335666678662e-05,0.15081852160873477,6.433457204718061e-06
005218,GOLDFIELD CORP,23,Construction,1.2342926939934682,2.2025077931083997e-05,0.9484601434799546,1.5039165430607106e-05,0.28583255051351364,6.295484200300641e-06
006845,LYDALL INC,33,Manufacturing,1.142387067682465,9.572666995384884e-05,1.078125100135356,9.709581692946333e-05,0.064261967547109,6.151584157967048e-06
007232,PASSUR AEROSPACE INC,51,Information,3.175098289546169,2.514874374532889e-06,1.1300483804657928,9.056685577430217e-06,2.045049909080376,5.143043610987052e-06
002282,BOB EVANS FARMS,31,Manufacturing,1.3324666765446234,6.667862125901925e-05,1.2621214709292525,0.0001460426567446435,0.07034520561537083,4.690521322615145e-06
001650,ANDREA ELECTRONICS CORP,33,Manufacturing,8.668094526674984,6.049073334392161e-07,1.0938229168913318,3.1964188154243565e-06,7.574271609783652,4.581732442218587e-06
001820,ASTRONOVA INC,33,Manufacturing,1.4286999615867157,1.6625325840989377e-05,1.1792976150507506,9.467043355102041e-06,0.24940234653596516,4.1463952766677695e-06
004936,G&K SERVICES INC  -CL A,81,Other Services (except Public Administration),1.4193570095924082,0.0001651658775277008,1.3947635345406364,3.534740421470982e-05,0.024593475051771785,4.062002888381504e-06
007696,NATHAN'S FAMOUS INC,31,Manufacturing,1.5843865727353368,1.6322027803340905e-05,1.3532300672474757,2.172412215742559e-05,0.23115650548786104,3.7729429094959924e-06
011185,VIRCO MFG. CORP,33,Manufacturing,1.3441374965366928,2.928565467421232e-05,1.2223517971183278,9.397292468921504e-05,0.12178569941836503,3.566573937423659e-06
003801,DAVEY TREE EXPERT CO,56,Administrative and Support and Waste Management and Remediation Services,1.357695557623846,0.00014281318367621702,1.334243966227219,6.678100870484501e-05,0.023451591396627114,3.349196429626099e-06
003184,CCOM GROUP INC,42,Wholesale Trade,1.261920995092696,1.4740014431018576e-05,1.0463587951283266,3.00803180659487e-05,0.21556219996436932,3.1773899382569157e-06
008229,P & F INDUSTRIES  -CL A,33,Manufacturing,1.3158086815571675,9.672437864339626e-06,1.0001595982983695,3.853090619936e-05,0.3156490832587979,3.053096144756488e-06
007841,CREDITRISKMONITOR.COM INC,56,Administrative and Support and Waste Management and Remediation Services,2.2531538868326217,2.163953816496403e-06,1.0270553152434143,8.813252997455405e-07,1.2260985715892074,2.6532206833912534e-06
010609,TOOTSIE ROLL INDUSTRIES INC,31,Manufacturing,1.5691236103959905,8.800033820635833e-05,1.5428706542137283,7.184043195885211e-05,0.0262529561822622,2.3102690229557795e-06
009466,SCHOLASTIC CORP,51,Information,1.4127631648759655,0.00029411128194241733,1.405542868144106,0.00013483283483739524,0.007220296731859532,2.1235707278118532e-06
001004,AAR CORP,42,Wholesale Trade,1.148256528722105,0.0002985020107725177,1.141160425694066,0.00013163442881723643,0.00709610302803898,2.1182010225185875e-06
003622,CROWN CRAFTS INC,31,Manufacturing,1.292216129558958,1.1141981028937074e-05,1.1072026536551949,2.329798830714029e-05,0.18501347590376316,2.0614166386174356e-06
008348,PARK AEROSPACE CORP,33,Manufacturing,1.1541477525202364,1.935450155726832e-05,1.059628582961699,4.950921875504036e-05,0.09451916955853745,1.8293714144124217e-06
007138,MAYS (J.W.) INC,53,Real Estate and Rental and Leasing,1.4862039237340336,3.1381889942213716e-06,0.9421987344732147,0.00016584217111671723,0.544005189260819,1.7071910977376163e-06
009778,SNAP-ON INC,33,Manufacturing,1.7733184582496866,0.0006268272027525635,1.7707155537572805,0.0004135969213890403,0.0026029044924060774,1.6315713420069825e-06
001613,AMPCO-PITTSBURGH CORP,33,Manufacturing,1.000710814619537,5.6043600535773e-05,0.9731234509481401,0.00042795546919808516,0.027587363671396803,1.5460951894348584e-06
010983,RTX CORP,33,Manufacturing,1.192179768874904,0.009667033890394888,1.1920237239663978,0.01224505820088463,0.00015604490850629205,1.5084914189538949e-06
001104,ACME UNITED CORP,33,Manufacturing,1.3341942804409612,2.1037332818497183e-05,1.2763191124053566,3.528381366320619e-05,0.05787516803560466,1.2175391718914652e-06
010777,TWIN DISC INC,33,Manufacturing,1.1674853686981381,2.808073735872131e-05,1.1310931959821926,0.00020763805469484144,0.036392172715945525,1.02191904394969e-06
009590,INTRICON CORP,33,Manufacturing,1.1370371090222655,1.1484964500242225e-05,1.0563316625856347,6.082436251321647e-05,0.0807054464366308,9.268991873009052e-07
011161,VICON INDUSTRIES INC,33,Manufacturing,1.3611553269840921,6.038940883245775e-06,1.2215069273862178,1.772487262926798e-05,0.13964839959787434,8.433284296114462e-07
004450,ESPEY MFG & ELECTRONICS CORP,33,Manufacturing,1.1459832596271724,4.639142757372614e-06,0.9758810190098297,6.546845997771553e-06,0.1701022406173427,7.89128577572799e-07
002999,CHICAGO RIVET & MACHINE CO,33,Manufacturing,1.135870218616878,6.252060105691419e-06,1.0137852394258415,3.107988204739629e-05,0.12208497919103656,7.632826279044467e-07
004186,EASTERN CO,33,Manufacturing,1.1345361997072139,2.3238438955863665e-05,1.1049752522820366,6.0193425010016456e-05,0.02956094742517723,6.869502722174763e-07
005932,IEH CORP,33,Manufacturing,1.2607429597607092,3.3990996112407994e-06,1.0611734517120266,1.061962210110523e-05,0.19956950804868256,6.783566372237944e-07
007183,SOLUNA HOLDINGS INC,51,Information,1.766826051263293,1.1915762548149382e-06,1.2612236977439084,4.3451225121952914e-05,0.5056023535193845,6.024637588322466e-07
004275,ELECTRO-SENSORS INC,33,Manufacturing,2.0116959676965145,1.196811354573904e-06,1.606500170799245,2.5605133003881154e-06,0.4051957968972695,4.849429305522736e-07
005788,HURCO COS INC,33,Manufacturing,1.2188174902852074,3.838324481018034e-05,1.2089978129236378,2.830773144278518e-05,0.009819677361569523,3.769110801261088e-07
010390,TEJON RANCH CO,11,"Agriculture, Forestry, Fishing and Hunting",1.129653007574469,7.69677876498022e-06,1.0856852870531721,2.4861918433182542e-05,0.04396772052129694,3.3840981765290337e-07
009728,MCEWEN INC,21,"Mining, Quarrying, and Oil and Gas Extraction",1.8151075574209703,1.019797433046549e-05,1.7837183190478023,2.722470486248908e-07,0.03138923837316798,3.2010664718242944e-07
011361,AG&E HOLDINGS INC,42,Wholesale Trade,1.3268160667318674,1.0451623357496674e-06,1.0379685735854256,2.8524336758844396e-05,0.28884749314644176,3.018925206123711e-07
009490,SCIENTIFIC INDUSTRIES INC,33,Manufacturing,1.4991800129700923,1.6208544350501384e-06,1.3436037516962256,1.5947317994268237e-06,0.1555762612738667,2.521664730742659e-07
004322,EMERSON RADIO CORP,33,Manufacturing,1.0591251863234679,3.5887453218639817e-06,1.0000078637189018,8.688456540129543e-05,0.059117322604566036,2.1215701493826018e-07
008336,PARADISE INC,31,Manufacturing,1.2614345190669516,3.922947335508931e-06,1.215120632321259,1.2852246620302781e-05,0.04631388674569248,1.816869386060767e-07
010380,SUNLINK HEALTH SYSTEMS INC,45,Retail Trade,0.964228504784348,1.0712196226144556e-05,0.9473747012062225,2.348875996165116e-05,0.016853803578125492,1.805412510857775e-07
004607,FEDERAL SCREW WORKS,33,Manufacturing,0.9751514118425813,1.309197125205897e-05,0.9670099976266538,4.649462917282168e-05,0.0081414142159274,1.0658716086602575e-07
007344,MICROPAC INDUSTRIES INC,33,Manufacturing,1.2301714562908912,2.972016795420649e-06,1.194728243633648,7.27316932822701e-06,0.03544321265724326,1.053378233009927e-07
010349,TAYLOR DEVICES INC,33,Manufacturing,1.25579721338931,4.312540082087455e-06,1.2338709245913495,3.3762608438955435e-06,0.021926288797960547,9.455799929263002e-08
009323,PARAGON TECHNOLOGIES INC,42,Wholesale Trade,1.2979742385138828,1.4479272688184921e-06,1.2331700641867416,2.439591892294505e-05,0.06480417432714125,9.383173114153508e-08
003908,DEWEY ELECTRONICS CORP,33,Manufacturing,1.203450524923329,9.872384900294968e-07,1.1103435253360696,5.8791452069835e-06,0.09310699958725932,9.191881368370287e-08
007402,MILLER INDUSTRIES INC,53,Real Estate and Rental and Leasing,1.5727748860500368,1.0807947889477897e-07,1.017158054311155,8.658251028165322e-06,0.5556168317388819,6.005077763950645e-08
004900,FREQUENCY ELECTRONICS INC,33,Manufacturing,1.3958268155718774,8.502984127860964e-06,1.3918823349124003,1.4148897709556367e-05,0.0039444806594770565,3.353985644018796e-08
004448,ESCALADE INC,33,Manufacturing,1.1416600998719904,2.8311757244858903e-05,1.1410474293574902,2.5355738809702876e-05,0.000612670514500202,1.7345778877612528e-08
001228,ALANCO TECHNOLOGIES INC,22,Utilities,0.3364826060216885,3.2592717854206785e-08,1.2645630786926318,3.8949212795969777e-07,-0.9280804726709433,-3.0248664991762926e-08
011027,UNIVERSAL SAFETY PRDUCTS INC,33,Manufacturing,1.1664934459390985,2.3782551582424567e-06,1.2131449462204955,1.3478216111666582e-05,-0.046651500281396974,-1.1094917118398177e-07
010930,U S ANTIMONY CORP,33,Manufacturing,0.9425907856513523,2.0079140688420656e-06,0.9989637896230965,1.2102076833033465e-06,-0.05637300397174416,-1.1319214777775475e-07
001783,ARTS WAY MFG INC,33,Manufacturing,1.136133058547519,3.640589696896321e-06,1.1679281979271634,1.667562852945818e-05,-0.03179513937964451,-1.157530568369163e-07
003158,COHU INC,33,Manufacturing,1.2963896506389532,4.763670581961693e-05,1.2989229728661305,2.4348226009317328e-05,-0.0025333222271772815,-1.206791256823409e-07
007295,EVI INDUSTRIES INC,42,Wholesale Trade,1.1998040339963965,6.0821726748036875e-06,1.2226248749305377,2.9301333810029303e-06,-0.022820840934141273,-1.3880029514567552e-07
006013,CORECARD CORP,51,Information,1.4477168401675418,1.381053091252348e-06,1.5874216524507052,1.865488444500848e-05,-0.13970481228316345,-1.9293976286649188e-07
002277,BLUE RIDGE REAL ESTATE CO,53,Real Estate and Rental and Leasing,1.1980016357494372,1.240043146131816e-06,1.3657946304887458,4.872626008965198e-06,-0.16779299473930864,-2.0807055309541152e-07
003761,DATA I/O CORP,33,Manufacturing,1.931689775631795,3.953851311505406e-06,2.0004421540016075,2.0295321953328538e-05,-0.06875237836981252,-2.7183668138659913e-07
008087,ITERIS INC,33,Manufacturing,1.3582876188272726,1.620888209887293e-05,1.3754692281164664,1.8821809642705498e-05,-0.017181609289193878,-2.784946792374435e-07
010364,TECHNICAL COMMUNICATIONS CP,33,Manufacturing,1.1157607812018366,4.260695707055115e-07,1.7726361023157367,2.2842918422942475e-06,-0.6568753211139,-2.798745860740444e-07
005621,CRAWFORD UNITED CORP,33,Manufacturing,1.303689188278364,1.1223378386479705e-06,1.5776878894354023,7.844490689392383e-06,-0.27399870115703817,-3.075191100489414e-07
007309,MEXCO ENERGY CORP,21,"Mining, Quarrying, and Oil and Gas Extraction",2.4058079006608897,4.0158281376841316e-07,3.210240110225353,4.2128740371150983e-07,-0.8044322095644634,-3.23046150202839e-07
006461,KIRBY CORP,48,Transportation and Warehousing,1.1398951114328024,0.00029902096114539845,1.141104563343394,6.391148506824397e-05,-0.0012094519105916302,-3.6165147276424776e-07
008387,GOODRICH PETROLEUM CORP,21,"Mining, Quarrying, and Oil and Gas Extraction",1.4485577140604733,4.604861297660677e-06,1.548155951049031,7.716415344254614e-05,-0.09959823698855774,-4.586360668238456e-07
006848,LGL GROUP INC,33,Manufacturing,1.309634383102704,3.5279506149856687e-06,1.4615545791375222,1.9117903148144247e-05,-0.1519201960348182,-5.359669490297803e-07
009922,SPARTON CORP,33,Manufacturing,1.0326943043100245,7.081941629417547e-05,1.0402751002343005,0.00010030217176856013,-0.007580795924275963,-5.368675424024881e-07
004415,ENVIRONMENTAL TECTONICS CORP,33,Manufacturing,1.2969920430836985,6.726934316085354e-06,1.3993906452942542,6.275592551513905e-06,-0.10239860221055563,-6.888286711293603e-07
005254,GRAHAM CORP,33,Manufacturing,1.1141401773293897,1.5497415154210896e-05,1.1602767965768526,4.991758932797769e-05,-0.04613661924746282,-7.149983422896884e-07
008633,PLANTRONICS INC,33,Manufacturing,1.725931958739131,0.00014880787952279025,1.7309931363009465,9.484828837475712e-05,-0.005061177561815455,-7.531431008620836e-07
009698,SIFCO INDUSTRIES,33,Manufacturing,0.991081047195594,2.011646188347651e-05,1.0305304467685859,6.116318092044673e-05,-0.03944939957299187,-7.935823428361255e-07
010658,TRANS-LUX CORP,33,Manufacturing,1.2770131292600624,3.578612870717596e-06,1.5310780084803988,2.0345995674057985e-05,-0.2540648792203364,-9.091998467752073e-07
009619,SERVOTRONICS INC,33,Manufacturing,1.108204083351198,6.516348206426307e-06,1.2523597863032068,9.453132921960623e-06,-0.14415570295200886,-9.393687563774464e-07
011302,WSI INDUSTRIES INC,33,Manufacturing,0.9484356754280995,5.947073326185214e-06,1.1211397295559733,2.2402752574253332e-05,-0.17270405412787382,-1.027083673627926e-06
010236,ASCENT INDUSTRIES CO,33,Manufacturing,0.9680330130340101,2.340022042583429e-05,1.0149325973255674,4.9097867375001285e-05,-0.04689958429155727,-1.0974606103024354e-06
008176,ORBIT INTERNATIONAL CORP,33,Manufacturing,1.3172077960991317,3.5000863743331076e-06,1.64060286074297,4.880574827903151e-06,-0.32339506464383816,-1.1319106592864724e-06
007662,BIOMERICA INC,32,Manufacturing,0.5342309887438459,9.7811928399775e-07,1.835277298176296,1.8073627060170667e-06,-1.30104630943245,-1.272578484629983e-06
005050,GEE GROUP INC,56,Administrative and Support and Waste Management and Remediation Services,1.214882811469336,1.402905410891386e-05,1.3138087842045678,1.6187769767141318e-05,-0.09892597273523185,-1.3878378242795048e-06
006497,KOSS CORP,33,Manufacturing,1.287101753742798,4.390897704286169e-06,1.6266178521282513,2.3076414979244846e-05,-0.33951609838545327,-1.490780456968884e-06
007658,NL INDUSTRIES,33,Manufacturing,1.2768434587630975,1.8393776314405197e-05,1.361898763729775,0.002104004679962536,-0.08505530496667757,-1.5644882539105846e-06
001117,BK TECHNOLOGIES CORP,33,Manufacturing,1.272806382470382,8.56006360265227e-06,1.4615534125378407,1.5802252048650596e-05,-0.18874703006745874,-1.615686582189167e-06
010619,TOROTEL INC,33,Manufacturing,1.2403359077311435,2.7529869764729484e-06,1.8356389468070466,1.9610729922297335e-05,-0.5953030390759031,-1.638861513630728e-06
002052,BARNWELL INDUSTRIES,21,"Mining, Quarrying, and Oil and Gas Extraction",1.0292781007104785,2.2360630938215135e-06,1.8481751742325332,7.748111259769702e-06,-0.8188970735220547,-1.8311055237411089e-06
005831,IEC ELECTRONICS CORP,33,Manufacturing,1.005387335607021,2.144871033504043e-05,1.0948703668179218,4.002230335259343e-06,-0.08948303121090073,-1.919295616343992e-06
006410,KEWAUNEE SCIENTIFIC CORP,33,Manufacturing,1.0404276635035201,2.3398869432348102e-05,1.1246869724378026,5.770047667060093e-05,-0.08425930893428246,-1.9715725682131574e-06
002538,CDI CORP,56,Administrative and Support and Waste Management and Remediation Services,1.085950285867462,0.00014596927333413034,1.099804770946334,0.0002264459539044055,-0.013854485078872214,-2.0223291193815286e-06
004467,EVANS & SUTHERLAND CMP CORP,33,Manufacturing,1.313384924810597,5.563391176108747e-06,1.7210782286995878,3.4451174879455615e-05,-0.4076933038889907,-2.268157329414633e-06
006573,MARZETTI CO (THE),31,Manufacturing,1.241756318987008,0.000201147562542002,1.2531473483410904,0.0002877879832509562,-0.011391029354082427,-2.2912777894180758e-06
006930,NORTH AMERICAN PALLADIUM,21,"Mining, Quarrying, and Oil and Gas Extraction",0.9520246493197636,2.818510160552908e-05,1.0400315414559922,1.1384695923883207e-05,-0.08800689213622859,-2.480483196846441e-06
010902,UNITED-GUARDIAN INC,32,Manufacturing,0.7516592216858847,1.819957100076614e-06,2.1475997718365023,7.183745115175037e-07,-1.3959405501506175,-2.540551915531471e-06
003806,DAWSON GEOPHYSICAL CO,21,"Mining, Quarrying, and Oil and Gas Extraction",0.9745732098085206,2.2515995189126376e-05,1.0956594560245174,9.950927707949931e-06,-0.12108624621599684,-2.726377337268757e-06
010938,US ENERGY CORP,21,"Mining, Quarrying, and Oil and Gas Extraction",0.4155657422947918,9.703510714521874e-07,3.3513090462307904,3.494499525597595e-06,-2.9357433039359986,-2.848701660482881e-06
007185,GENCOR INDUSTRIES INC,33,Manufacturing,1.1243010081618403,1.1819673136444495e-05,1.3781529678032487,6.1255585940600426e-06,-0.2538519596414084,-3.000447188007347e-06
003157,COHERENT INC,33,Manufacturing,1.5824294027060168,0.00014479019376906265,1.6037402252232171,6.087602983631317e-05,-0.02131082251720029,-3.0855981216435333e-06
002578,TELOS CORP/MD,54,"Professional, Scientific, and Technical Services",1.1414803517962848,2.2775723686845396e-05,1.2864275235558589,3.126071767823472e-05,-0.14494717175957406,-3.3012767331857787e-06
007911,NOBILITY HOMES INC,32,Manufacturing,0.42866297390845043,5.750672648131108e-06,1.00637497545237,2.8957547390962836e-05,-0.5777120015439197,-3.322232605775695e-06
003465,RIVERBEND INDUSTRIES,33,Manufacturing,1.0349288752283021,2.5599975569714588e-05,1.1736123636207494,4.170944017217396e-05,-0.13868348839244726,-3.5502939147694467e-06
008350,PARK OHIO HOLDINGS CORP,42,Wholesale Trade,1.1299475525965859,0.00021563544781366136,1.1466548530283154,0.000187237410890585,-0.01670730043172952,-3.6026862103533732e-06
009521,HORIZON KINETICS HLDING CORP,52,Finance and Insurance,1.4305502088882736,5.949099816414491e-06,2.066298796154816,1.3552736289209891e-05,-0.6357485872665425,-3.78213180379316e-06
008079,OCEANEERING INTERNATIONAL,21,"Mining, Quarrying, and Oil and Gas Extraction",1.165508541081211,0.00038361510702471344,1.1759448092762914,7.123135370773146e-05,-0.010436268195080478,-4.00351014059441e-06
002519,BUTLER NATIONAL CORP,56,Administrative and Support and Waste Management and Remediation Services,1.3068217309314925,8.548242409648153e-06,1.7855227739067767,3.1825083822829384e-06,-0.47870104297528426,-4.092052557104128e-06
002865,CENTRAL STEEL & WIRE CO,42,Wholesale Trade,1.1849371748966646,8.680133148736937e-05,1.233673491887761,0.0004770284965139053,-0.04873631699109637,-4.230377206617668e-06
001019,AFA PROTECTIVE SYSTEMS INC,56,Administrative and Support and Waste Management and Remediation Services,1.2212514621120618,1.2670630158555104e-05,1.5634127129804667,1.200867821051252e-05,-0.3421612508684049,-4.335398664342149e-06
003895,DETREX CORP,32,Manufacturing,0.4850707990840588,6.33683494694951e-06,1.1783558614400957,7.58347134751735e-05,-0.6932850623560369,-4.393233011335805e-06
007481,MOCON INC,33,Manufacturing,2.0689562280239637,1.0691593575480238e-05,2.480556358585791,2.1581043416542437e-06,-0.4116001305618271,-4.4006613115816575e-06
004130,DYNASIL CORP OF AMERICA,33,Manufacturing,1.3411684329351314,7.336232378354669e-06,1.983702966044179,1.816305127322264e-06,-0.6425345331090475,-4.713782646005594e-06
007549,MOOG INC  -CL A,33,Manufacturing,1.2351829723877161,0.0004073138970109946,1.2482736723056336,0.00013443440028813037,-0.013090699917917448,-5.332023998168463e-06
011580,WOODWARD INC,33,Manufacturing,1.1681834770384436,0.0003416456500054557,1.1838629285329338,0.00013329672557763585,-0.015679451494490237,-5.356816397564132e-06
005237,GORMAN-RUPP CO,33,Manufacturing,1.1417541170813736,6.452192903251109e-05,1.2249937110430988,5.9327003745779575e-05,-0.0832395939617252,-5.370779174293472e-06
007882,NPK INTERNATIONAL INC,53,Real Estate and Rental and Leasing,0.9328322428622606,7.962350309526986e-05,1.0116218452866101,0.00018542905458220071,-0.07878960242434951,-6.2735041525102755e-06
004771,FLEXSTEEL INDUSTRIES INC,33,Manufacturing,1.0829075521502634,8.445499355023801e-05,1.161065783037011,8.927219188978307e-05,-0.07815823088674767,-6.600852885438288e-06
004091,DUCOMMUN INC,33,Manufacturing,1.0700432321701718,9.2989219402467e-05,1.144293141986314,0.00034703152439788723,-0.07424990981614221,-6.904441154506637e-06
006900,MTS SYSTEMS CORP,33,Manufacturing,1.3828404205118223,0.00010979304525781855,1.4490490999642005,6.672139256281037e-05,-0.06620867945237818,-7.269252539575359e-06
008073,OCEAN BIO-CHEM INC,32,Manufacturing,0.5552124101905132,6.1140898959148014e-06,1.8148247871023397,4.5487116372436125e-06,-1.2596123769118266,-7.701383306445825e-06
011538,J. ALEXANDER'S HOLDINGS INC,72,Accommodation and Food Services,0.8988329676997956,3.708173146042712e-05,1.1083312552720013,6.168382856088264e-05,-0.20949828757220568,-7.768559241171868e-06
003581,CRAWFORD & CO,52,Finance and Insurance,1.1348419718300824,0.00019886421467616404,1.1743521391204246,0.000134705653734388,-0.03951016729034218,-7.857158389917762e-06
008515,PHI GRP INC,48,Transportation and Warehousing,0.8637358983288721,0.00010708278345034619,0.9399501235186183,0.00015146772566979643,-0.07621422518974619,-8.16123137182951e-06
010008,STANDEX INTERNATIONAL CORP,33,Manufacturing,1.2802091924232688,0.00012692347378845525,1.3453848907180084,0.00034525695056998926,-0.06517569829473957,-8.272326034156646e-06
010297,TRC COS INC,54,"Professional, Scientific, and Technical Services",0.8335705493536197,0.00010484790247582509,0.9179109854290213,7.279130942430475e-06,-0.08434043607540154,-8.84291781640226e-06
008357,PARKER DRILLING CO,21,"Mining, Quarrying, and Oil and Gas Extraction",1.0474583076202737,7.210995282185345e-05,1.1857868124659199,0.0003806291948438802,-0.13832850484564618,-9.974861958337073e-06
011343,WEIS MARKETS INC,44,Retail Trade,1.0628098874521918,0.0005297110359981736,1.0818936469314342,0.0006804328115219196,-0.019083759479242346,-1.010887800448943e-05
003107,CLEVELAND-CLIFFS INC,33,Manufacturing,1.0830241169524568,0.0003576755254674092,1.111516591912693,0.000374861333102028,-0.028492474960236214,-1.0191060953269487e-05
005520,ALLIENT INC,33,Manufacturing,1.2126536558777252,4.152498016230295e-05,1.4599541895190808,1.0929626039685397e-05,-0.24730053364135562,-1.0269149753584226e-05
006433,KIMBALL INTERNATIONAL  -CL B,33,Manufacturing,1.2513160658348366,0.00010725233313286237,1.347108861636475,0.00021376162608416696,-0.09579279580163846,-1.0274000847045589e-05
006311,PRIMEENERGY RESOURCES CORP,21,"Mining, Quarrying, and Oil and Gas Extraction",1.257784069190321,9.576348452634737e-06,2.354308475516335,4.71166242547165e-06,-1.0965244063260138,-1.0500699801796346e-05
005888,TELIGENT INC,32,Manufacturing,0.785567132311669,1.1294474418690177e-05,1.7521651665450304,3.278887811905619e-08,-0.9665980342333614,-1.0917216770804913e-05
003639,CUBIC CORP,33,Manufacturing,1.0845960037556948,0.0002468374867480268,1.1289044064527343,0.0001951295944936051,-0.044308402697039506,-1.0936974763556723e-05
001618,AMREP CORP,23,Construction,1.1210898769312676,7.154861502834368e-06,2.7234992427650666,4.252021970384517e-05,-1.602409365833799,-1.1465017083385482e-05
010441,TENNANT CO,33,Manufacturing,1.5120689269198173,0.00013654693813892066,1.5961789877411319,9.945363534693364e-05,-0.08411006082131456,-1.1484971271828894e-05
001262,ALGOMA CENTRAL CORP,48,Transportation and Warehousing,1.0028888089200743,6.407154157905426e-05,1.1838730759012766,0.00013154500460418447,-0.1809842669812023,-1.159594098704076e-05
011124,VEECO INSTRUMENTS INC,33,Manufacturing,1.464988997281819,5.614239193445026e-05,1.6716390596869202,0.00010457366834534263,-0.2066500624051011,-1.160182879682579e-05
001050,CECO ENVIRONMENTAL CORP,33,Manufacturing,1.2303365585790234,7.042239308342293e-05,1.3959967657718215,2.7522785572662313e-06,-0.16566020719279817,-1.166618822921252e-05
003342,COMPUTER TASK GROUP INC,54,"Professional, Scientific, and Technical Services",0.9218318502395714,5.4866040838377235e-05,1.1423728358381124,2.4775475027232304e-05,-0.22054098559854107,-1.210021072238552e-05
010030,STARRETT (L.S.) CO  -CL A,33,Manufacturing,1.1063236786900768,3.541038364383083e-05,1.4696811274383188,0.00010959136029992548,-0.36335744874824205,-1.286662666001885e-05
004759,FLANIGANS ENTERPRISES INC,72,Accommodation and Food Services,0.9727705450959193,1.7498405381436265e-05,1.7459656429667245,5.233303668274816e-05,-0.7731950978708052,-1.3529681261482637e-05
007759,GP STRATEGIES CORP,61,Educational Services,1.086467977274089,8.284275169866232e-05,1.2513107322779546,7.241075971765025e-05,-0.16484275500386558,-1.3656027422108662e-05
008582,SENECA FOODS CORP,31,Manufacturing,1.0147972603217865,0.00021036336460801124,1.086518500141224,0.00027006211701932094,-0.07172123981943757,-1.5087521322274959e-05
001072,AVX CORP,33,Manufacturing,1.1331211748854468,0.00022167455757109294,1.2014388168448287,0.0001402350509081016,-0.06831764195938184,-1.5144283055646304e-05
005567,HEICO CORP,33,Manufacturing,1.4093153088906822,0.00023241444916370426,1.4797198861182725,2.146479193957487e-05,-0.0704045772275903,-1.6363041034953876e-05
007762,NATIONAL PRESTO INDS INC,33,Manufacturing,1.1305654226034045,5.773892848674908e-05,1.4199114337409895,0.00011719738642117926,-0.28934601113758496,-1.6706528644999123e-05
007022,MARCUS CORP,51,Information,1.0362863718850848,9.1844590171297e-05,1.2275826943102779,0.00010467203497969979,-0.19129632242519312,-1.7569532334418155e-05
011094,VALMONT INDUSTRIES INC,33,Manufacturing,1.1638348511307053,0.000425845981283548,1.2052559334362651,0.00015149057852424305,-0.04142108230555985,-1.7639001440237742e-05
010685,TRANSCAT INC,54,"Professional, Scientific, and Technical Services",1.0482342526871462,2.4300657584376418e-05,1.8252612257610903,7.230444426435512e-06,-0.7770269730739441,-1.888226640649439e-05
007152,MCDERMOTT INTL INC,54,"Professional, Scientific, and Technical Services",0.914456165616165,0.00044514948283671277,0.9590659831018857,0.003576610825226649,-0.04460981748572068,-1.9858037183208707e-05
008699,POWELL INDUSTRIES INC,33,Manufacturing,1.0395386516350802,9.545495138893993e-05,1.2482186963676185,4.551692444345345e-05,-0.20868004473253832,-1.9919543525786255e-05
004036,DONALDSON CO INC,33,Manufacturing,1.3151975738841397,0.0003749513546719965,1.3705048087340004,0.00023292821574830624,-0.055307234849860665,-2.0737522630117512e-05
010221,SILVERBOW RESOURCES INC,21,"Mining, Quarrying, and Oil and Gas Extraction",0.5190311764732731,2.77651115055114e-05,1.2780945566069433,3.974409468976507e-07,-0.7590633801336701,-2.107547938916174e-05
007512,MONARCH CEMENT CO,32,Manufacturing,0.5056475939251963,2.790341946365956e-05,1.2973570185100451,3.863523444792064e-05,-0.7917094245848488,-2.209140016752358e-05
005559,STERLING INFRASTRUCTURE INC,23,Construction,1.002705950154561,0.00011654395970828367,1.1927742205710772,0.0004295760346590604,-0.1900682704165162,-2.215130884924563e-05
001706,ENERPAC TOOL GROUP CORP,33,Manufacturing,1.3074637436875056,0.00019410567786944983,1.4237303494075018,0.0001861315314558423,-0.11626660571999614,-2.2568008316859904e-05
006617,DISTRIBUTION SOLUTIO GRO INC,42,Wholesale Trade,2.5422459497571603,4.6706040181821415e-05,3.0287921423084376,9.053108608908137e-05,-0.4865461925512773,-2.2724646019612176e-05
011213,VOLT INFO SCIENCES INC,56,Administrative and Support and Waste Management and Remediation Services,1.0302334239425877,0.00022540431283807745,1.1322033462398942,0.000168759387666946,-0.1019699222973065,-2.2984460265576525e-05
007486,MODINE MANUFACTURING CO,33,Manufacturing,1.0386504916094477,0.00025381790121695755,1.1297953319493503,0.0001796134999267208,-0.09114484033990267,-2.313419208182878e-05
004156,SUPREME INDUSTRIES INC,33,Manufacturing,1.0722396215140932,5.048865306895291e-05,1.5351222252811239,7.419228876211895e-06,-0.4628826037670306,-2.3370319193247203e-05
005018,AEROJET ROCKETDYNE HOLDINGS,33,Manufacturing,0.9447349989075592,0.0002974381034021472,1.0256481838630653,0.002201032931931026,-0.08091318495550615,-2.40666642733929e-05
003028,CHURCHILL DOWNS INC,71,"Arts, Entertainment, and Recreation",1.2426796448865076,0.0002209887595026684,1.3539884451292645,1.9770699903423635e-05,-0.11130880024275691,-2.4597993687377165e-05
001926,AZZ INC,33,Manufacturing,1.1800936044910204,0.00014505110438608207,1.3517786148829003,3.912607401733923e-05,-0.1716850103918799,-2.4903100363878157e-05
009761,SKYLINE CORP,32,Manufacturing,0.36281879130220573,3.993942043207938e-05,0.9996914889094846,0.00027480259391344267,-0.6368726976072788,-2.5436326431449666e-05
011600,WORTHINGTON ENTERPRISES INC,33,Manufacturing,1.033957110292103,0.0005090050343321633,1.0844803567519652,0.0004254048919213695,-0.05052324645986217,-2.571658679887449e-05
003424,BIGLARI HOLDINGS INC,72,Accommodation and Food Services,0.9363329171590321,0.0001435558923452471,1.1169348309729215,6.05481410551226e-05,-0.18060191381388935,-2.5926468896812297e-05
001823,ASTRONICS CORP,33,Manufacturing,1.1578949929012508,0.00010691813111921741,1.4085595306141465,8.782451324070837e-06,-0.25066453771289576,-2.6800583910125405e-05
003203,CHASE CORP,32,Manufacturing,0.5953078536280708,4.02079303874586e-05,1.2775535676591816,1.6981658058569373e-05,-0.6822457140311108,-2.743168817690489e-05
007566,RUBY TUESDAY INC,72,Accommodation and Food Services,0.8700859063101193,0.00016076332750459632,1.050988611693017,0.0003177659602730787,-0.18090270538289766,-2.9082520871938277e-05
008105,OIL DRI CORP AMERICA,32,Manufacturing,0.49670119253559303,4.4297894292697126e-05,1.160120949616283,3.2860417489497766e-05,-0.6634197570806899,-2.9388098270847206e-05
010000,STANDARD MOTOR PRODS,33,Manufacturing,1.2135244466537178,0.00017875028590547414,1.3786788646075656,0.0001250696979768545,-0.16515441795384778,-2.952139942780246e-05
010581,TIMKEN CO,33,Manufacturing,1.1922499909759319,0.00045086030117700145,1.2587517596318336,0.0013299357749538968,-0.06650176865590174,-2.998300744500313e-05
005284,GRAY MEDIA INC,51,Information,1.1291110198966825,0.00013720436534413533,1.3525744392049948,3.5576926361543206e-05,-0.22346341930831226,-3.066015662382738e-05
002448,MATERION CORP,33,Manufacturing,1.0678065858782873,0.00016367894032196873,1.2564538499112836,0.00018757821650254976,-0.18864726403299636,-3.087758427155949e-05
008958,RAVEN INDUSTRIES INC,32,Manufacturing,0.4944958575097373,4.684485476252689e-05,1.191980450503633,3.2759070048038864e-05,-0.6974845929938958,-3.267356445789923e-05
008832,ARGAN INC,54,"Professional, Scientific, and Technical Services",0.963136262451399,0.00011399801248356853,1.2532693552419063,2.7910290495887526e-06,-0.29013309279050725,-3.307459593382859e-05
010877,UNIT CORP,21,"Mining, Quarrying, and Oil and Gas Extraction",1.0551580856117428,0.00010169215056628332,1.3967323846452249,3.768137617536627e-05,-0.341574299033482,-3.473542504688554e-05
006994,MANITOWOC CO,33,Manufacturing,1.0069260666638336,0.00027241094907057495,1.138361079502868,0.00027573260572918317,-0.13143501283903447,-3.5804336588584585e-05
010305,TSR INC,54,"Professional, Scientific, and Technical Services",0.8962882800939578,1.0566964426379695e-05,4.288785036661663,8.158469037441526e-06,-3.392496756567705,-3.584839254325943e-05
005087,SPX TECHNOLOGIES INC,33,Manufacturing,1.1245785254589715,0.00024863346371372356,1.2735771316379652,0.0015120084407395467,-0.14899860617899363,-3.70460395428002e-05
004608,FEDERAL SIGNAL CORP,33,Manufacturing,1.1568204319138091,0.00011954603610877195,1.4758351106353673,0.00014560845251015782,-0.3190146787215582,-3.813694030167568e-05
002787,CARPENTER TECHNOLOGY CORP,33,Manufacturing,1.0508001708632537,0.0003062364484809253,1.176896500771889,0.0005554833394315016,-0.12609632990863529,-3.861529223769955e-05
002556,CSS INDUSTRIES INC,32,Manufacturing,0.49285655312664645,5.4450272593003876e-05,1.2104857760182546,0.00017493760718646998,-0.7176292228916081,-3.90751068071536e-05
001585,AMERICAN VANGUARD CORP,32,Manufacturing,0.6103141339669087,5.2707828744197124e-05,1.3541067072215773,1.0975331748578626e-05,-0.7437925732546686,-3.920369157231277e-05
005959,TRANE TECHNOLOGIES PLC,33,Manufacturing,1.2353401815998148,0.0022813044881901247,1.2526988602745674,0.0029519528889876117,-0.017358678674752603,-3.960043156976332e-05
007154,MCDONALD'S CORP,72,Accommodation and Food Services,1.3928181613013164,0.004158003314686498,1.4027403391063669,0.0021703693692755053,-0.009922177805050447,-4.125644820230856e-05
004390,ENNIS INC,32,Manufacturing,0.4951332647683734,6.026917041218731e-05,1.1992774715429975,8.343279077748933e-05,-0.7041442067746241,-4.243818719285428e-05
008210,OVERSEAS SHIPHOLDING GROUP,48,Transportation and Warehousing,1.2461240100998168,7.809080098519327e-05,1.8047538286950457,0.0002966330315241634,-0.558629818595229,-4.362384998831464e-05
005987,GRIFFON CORP,33,Manufacturing,1.1253146999885488,0.0003305139703018508,1.2603418320203348,0.00014989584672481622,-0.13502713203178596,-4.462835350629779e-05
002444,BRUNSWICK CORP,33,Manufacturing,1.1654150580875091,0.0007579917828425242,1.2260575959802904,0.0011920337024040842,-0.06064253789278129,-4.596654541344462e-05
006831,LUBYS INC,72,Accommodation and Food Services,0.872370296752181,6.799533328549206e-05,1.5518180139931748,8.93178975986763e-05,-0.6794477172409937,-4.619927398386814e-05
010565,TIDEWATER INC,48,Transportation and Warehousing,1.0976184956697745,0.00010159656777713574,1.5534738229847425,0.00033892174187644065,-0.4558553273149679,-4.6313336658123534e-05
004460,ESTERLINE TECHNOLOGIES CORP,33,Manufacturing,1.335522935493859,0.0003366427522519279,1.4768001339129797,0.00024187063705350333,-0.1412771984191208,-4.755994490625454e-05
005680,HOME DEPOT INC,44,Retail Trade,1.1653872307027797,0.01597465360320565,1.1683906293745119,2.2175217632154425e-05,-0.0030033986717321604,-4.797825341324922e-05
001988,BALL CORP,33,Manufacturing,1.030666517696733,0.001530168997289988,1.0625161842152442,0.0006943233726159925,-0.03184966651851129,-4.873537228065092e-05
006509,KULICKE & SOFFA INDUSTRIES,33,Manufacturing,1.5549247389590495,0.00010591653832339722,2.0259476185735816,4.9461525841412635e-05,-0.47102287961453215,-4.988911287988951e-05
008092,BRISTOW GROUP INC,48,Transportation and Warehousing,0.8934443015143418,0.00023650863492358711,1.1093265137363137,0.00011115529042596773,-0.2158822122219719,-5.105800731690271e-05
006528,LSB INDUSTRIES INC,32,Manufacturing,0.35495644672675714,6.325773687781373e-05,1.173980429067532,7.011851905641804e-05,-0.8190239823407748,-5.1809603571531884e-05
006216,JACOBS SOLUTIONS INC,54,"Professional, Scientific, and Technical Services",0.9060727686862982,0.0018515630860633486,0.9342231511111623,0.00032098721914768417,-0.028150382424864118,-5.212220895644485e-05
008358,PARKER-HANNIFIN CORP,33,Manufacturing,1.1030793621957888,0.001918537912644214,1.1307125201916852,0.0010158352138135813,-0.027633157995896385,-5.3015261261214824e-05
007401,MILLERKNOLL INC,33,Manufacturing,1.3730917853205846,0.0003847291700282586,1.511100047299168,0.00025112306229728063,-0.1380082619785834,-5.309580408806287e-05
009611,SERVICE CORP INTERNATIONAL,81,Other Services (except Public Administration),1.2258967277353388,0.0005118807928416933,1.3369467405881186,0.0001338968614074513,-0.11105001285277982,-5.6844368624161164e-05
001979,BALCHEM CORP  -CL B,32,Manufacturing,0.5639219808716168,9.342187506641768e-05,1.1755586644242406,5.116058588940009e-06,-0.6116366835526238,-5.714024583689127e-05
004412,VISKASE COMPANIES INC,32,Manufacturing,0.47128878521574374,5.552920976590817e-05,1.5123413872471898,1.75271457581864e-05,-1.0410526020314461,-5.780882831554869e-05
003734,DANA INC,33,Manufacturing,0.9940398077642366,0.0009838610063140347,1.0546255750002442,0.0025078603237431146,-0.060585767236007615,-5.960797392112633e-05
006233,SCULLY ROYALTY LTD,21,"Mining, Quarrying, and Oil and Gas Extraction",0.9592573003200243,0.00014234151807535278,1.3828629035751854,1.459701237718347e-05,-0.42360560325516106,-6.0296664632565225e-05
005492,L3HARRIS TECHNOLOGIES INC,33,Manufacturing,1.2855264055265978,0.0012609835451676793,1.3371768074272585,0.0012926091148236366,-0.051650401900660725,-6.51303068980306e-05
005560,HECLA MINING CO,21,"Mining, Quarrying, and Oil and Gas Extraction",1.690059191937519,0.00010908546241942928,2.308232340075447,7.723668641535495e-05,-0.6181731481379282,-6.743370371990025e-05
003946,DIEBOLD NIXDORF INC,33,Manufacturing,1.0959665494703454,0.0005600374622793055,1.2238948187704641,0.0003447084820632705,-0.1279282693001187,-7.164462329262206e-05
007636,MYERS INDUSTRIES INC,32,Manufacturing,0.5086846464251242,9.424226586090336e-05,1.2693354407599748,6.704133252506298e-05,-0.7606507943348506,-7.168545438701231e-05
011234,WD-40 CO,32,Manufacturing,0.7657966041501426,6.4285336298243e-05,1.8997371115736672,3.556599673550352e-05,-1.1339405074235245,-7.289574686192158e-05
002820,CAVCO INDUSTRIES INC,32,Manufacturing,0.41407119032263817,0.0001306743383286614,0.9740371615070157,1.4132006469313217e-05,-0.5599659711843775,-7.31731827710848e-05
007875,NEWELL BRANDS INC,33,Manufacturing,1.372176681156601,0.0022399472000942944,1.4067885510801146,0.0001376347935130237,-0.034611869923513616,-7.752876112520225e-05
006116,INTL SPEEDWAY CORP  -CL A,71,"Arts, Entertainment, and Recreation",1.618824761348325,0.00011130767783001741,2.322913000596635,1.0956453303600987e-05,-0.7040882392483099,-7.83704268981551e-05
003138,COCA COLA CONSOLIDATED INC,31,Manufacturing,1.56763727748889,0.0005330392084513897,1.7152836684729131,0.0001163180483261682,-0.1476463909840231,-7.870131538082808e-05
006512,KYOCERA CORP,33,Manufacturing,1.188380391464944,0.0021565966437190123,1.2249271764200813,0.0006862026604685063,-0.0365467849551373,-7.88166737729696e-05
010385,TECK RESOURCES LTD,21,"Mining, Quarrying, and Oil and Gas Extraction",1.4378117974639875,0.001570529927689757,1.4902800841732544,0.0001748571253947232,-0.052468286709266954,-8.240301453151047e-05
003863,DELUXE CORP,32,Manufacturing,1.0532379909702791,0.0003122588396939654,1.3425020115020636,0.00042574669113570147,-0.28926402053178446,-9.03252474164664e-05
006972,MAKITA CORP,33,Manufacturing,1.3166745599870808,0.0006290514446533809,1.4725445135246442,0.00031885395486521106,-0.1558699535375634,-9.805021945085961e-05
004108,FLOWSERVE CORP,33,Manufacturing,1.2694755803995208,0.0006738902429631092,1.4195170873255853,0.00013944116261667354,-0.15004150692606455,-0.00010111150755695667
001254,MATSON INC,48,Transportation and Warehousing,0.9429291336317872,0.0003278861190970358,1.2528988563322723,0.00042897093081740865,-0.30996972270048506,-0.0001016347694138464
006386,KENNAMETAL INC,33,Manufacturing,1.2489299178376196,0.0003543716708969444,1.539442178500184,0.00032385078117008173,-0.2905122606625643,-0.00010294931522704157
006574,SNYDERS-LANCE INC,31,Manufacturing,1.5489623457747097,0.0003561939922356219,1.8467764018092354,0.0002476593644450676,-0.2978140560345257,-0.0001060795775628209
001410,ABM INDUSTRIES INC,56,Administrative and Support and Waste Management and Remediation Services,0.9742182902570298,0.0008688070235468271,1.0964172485315573,0.0002455062281152496,-0.12219895827452754,-0.00010616731321901519
008850,QUAKER HOUGHTON,32,Manufacturing,0.5464848503953414,0.00012609244392026585,1.4081785460467033,9.288493009708273e-05,-0.8616936956513619,-0.00010865306399536598
010353,TEAM INC,54,"Professional, Scientific, and Technical Services",1.0627856569754563,0.00020209106261791628,1.6381605361827667,3.856270147511181e-05,-0.5753748792073103,-0.00011627812074266057
001722,ARCHER-DANIELS-MIDLAND CO,31,Manufacturing,0.9805096124169065,0.010528629986209204,0.9919548325541155,0.002784083769041716,-0.011445220137209056,-0.00012050248793538469
004600,FEDERAL-MOGUL HOLDINGS CORP,33,Manufacturing,1.0189577044757496,0.0012554106970371671,1.1182276852789568,0.0007165860272564643,-0.09926998080320715,-0.0001246245957950205
004019,WESTERN FOREST PRODUCTS INC,32,Manufacturing,0.38271475997051796,0.00020050432076839232,1.0091298353678775,0.00010985764573434691,-0.6264150753973595,-0.00012559892921162882
008579,PIER 1 IMPORTS INC/DE,44,Retail Trade,1.2403126411165704,0.00030877732948006724,1.6511857798873266,0.0001164213829723616,-0.41087313877075626,-0.0001268683105447272
004622,FERRO CORP,32,Manufacturing,0.49785403762762814,0.00019341025397243624,1.1578933559876465,0.0006911299346076698,-0.6600393183600184,-0.00012765837219580486
003650,CUMMINS INC,33,Manufacturing,1.145411559300584,0.0029568181187010706,1.191931161350057,0.001655979436548486,-0.04651960204947292,-0.00013755000221464498
010405,ATI INC -NEW,33,Manufacturing,0.9118008157334677,0.0005293530227243347,1.1903843802498761,0.0029076948587434563,-0.2785835645164084,-0.0001474690519580805
011313,WATSCO INC,42,Wholesale Trade,1.2243091521632512,0.0007127676136408616,1.4312117260844863,1.2790643273533644e-05,-0.20690257392123512,-0.00014747345386999073
011465,WHIRLPOOL CORP,33,Manufacturing,1.033063180987843,0.0034987353808469232,1.0752899491703345,0.002228829951757048,-0.04222676818249149,-0.0001477402878589041
023978,UNITED STATES STEEL CORP,33,Manufacturing,0.8745541497111498,0.0017328180202176987,0.9622211014407471,0.012412178144645623,-0.08766695172959738,-0.0001519108737346015
011012,SENSIENT TECHNOLOGIES CORP,32,Manufacturing,0.5275921902511791,0.0002335884625031988,1.195565864402062,0.0003778093513256414,-0.6679736741508828,-0.00015603094353751744
007085,MASCO CORP,33,Manufacturing,1.2681855681539498,0.0012424073847326388,1.39478478123564,0.0007615365983505886,-0.1265992130816902,-0.0001572877972340328
011376,WEST PHARMACEUTICAL SVSC INC,32,Manufacturing,0.5388375104455949,0.0002548480337501734,1.159116968877244,0.00014722603716403127,-0.6202794584316491,-0.0001580770003569282
006379,KELLY SERVICES INC  -CL A,56,Administrative and Support and Waste Management and Remediation Services,1.054595567915681,0.0008911153034874527,1.2448072302885531,0.0004070590178125739,-0.19021166237287201,-0.00016950052324225473
011191,VISHAY INTERTECHNOLOGY INC,33,Manufacturing,1.1845058581003627,0.00039236751832496126,1.6515335574325334,3.686364142712435e-05,-0.4670276993321707,-0.00018324649937598
005250,GRACE (W R) & CO,32,Manufacturing,0.6210290484696689,0.0002699622733768651,1.3081116894156994,0.0060622631424594895,-0.6870826409460306,-0.00018548639174757075
010443,TENNECO INC,33,Manufacturing,0.9927056671788012,0.0014521491234628196,1.1223456997034398,0.013141388883580291,-0.12964003252463863,-0.0001882566595963454
005179,GLATFELTER CORP,32,Manufacturing,0.39775882178670247,0.00027204584308093357,1.091619139098839,0.0002611266509306945,-0.6938603173121365,-0.00018876181500358425
010056,STEPAN CO,32,Manufacturing,0.42841214969246605,0.0002987862260271738,1.0673867790482463,0.00015650926408119315,-0.6389746293557803,-0.00019091681803232578
004462,NEWMARKET CORP,32,Manufacturing,0.5066739553287961,0.0003460993689068495,1.0971973950183487,0.0017294881268819413,-0.5905234396895526,-0.00020437978980125614
003607,CHEMTURA CORP,32,Manufacturing,0.46026742342037735,0.00027931790326869444,1.2741359373779593,0.000240229205942816,-0.8138685139575819,-0.00022732804685503995
006307,SEARS HOLDINGS CORP,45,Retail Trade,1.1270186760468894,0.003738536724644714,1.1896782925057992,0.014250745926608358,-0.06265961645890972,-0.00023425527728378634
009472,SCHULMAN (A.) INC,32,Manufacturing,0.40773738805274157,0.00042151081206056684,0.9784164514590312,0.00028696627409324527,-0.5706790634062897,-0.0002405473954423489
010519,TEXTRON INC,33,Manufacturing,1.0398959854525918,0.002328437273439395,1.1440484872135315,0.0033550981070756105,-0.10415250176093971,-0.00024251256722213424
001704,APPLIED MATERIALS INC,33,Manufacturing,1.492731479354526,0.0018280630609937229,1.6262412655953444,6.883478479793862e-05,-0.13350978624081833,-0.00024406430850800799
006821,LOUISIANA-PACIFIC CORP,32,Manufacturing,0.42430724332095937,0.00037716360650562396,1.077077765604631,0.0011879410542534057,-0.6527705222836717,-0.0002462012844050694
004194,EASTMAN KODAK CO,32,Manufacturing,0.478125750375744,0.0002605728686478812,1.4438799741926105,0.009672016568247933,-0.9657542238168665,-0.00025164934850876883
005608,HEXCEL CORP,32,Manufacturing,0.48757319181404407,0.00033847453054500865,1.2411835368590658,0.00014507687524368222,-0.7536103450450218,-0.00025507790775297574
005600,HERTZ GLOBAL HOLDINGS INC,53,Real Estate and Rental and Leasing,1.4161575279876404,0.0014865994573605304,1.5903119388332179,0.0012653138641930731,-0.17415441084557748,-0.00025889785265997833
004926,FULLER (H. B.) CO,32,Manufacturing,0.48909808794640974,0.0003537247138912477,1.2566977567897777,0.0002949607987400915,-0.7675996688433679,-0.0002715189732446368
003502,COOPER TIRE & RUBBER CO,32,Manufacturing,0.4471827379108101,0.0004939348708679583,1.0174923312156676,0.00032188046767583667,-0.5703095933048575,-0.0002816957953237926
002504,UNISYS CORP,54,"Professional, Scientific, and Technical Services",0.9987614882779735,0.00047634341581016105,1.6032250475496563,0.002838906773256778,-0.6044635592716828,-0.00028793223655624114
002593,CABOT CORP,32,Manufacturing,0.48180294706231264,0.0004071556618989252,1.191617888724007,0.0013947623678023727,-0.7098149416616943,-0.0002890051723980141
002960,CHEMED CORP,62,Health Care and Social Assistance,1.213728786467594,0.00026629449493605935,2.3148180548283848,0.00036326798068102355,-1.1010892683607907,-0.00029321401059765185
004510,FMC CORP,32,Manufacturing,0.5463106583695674,0.0005543126273815977,1.113921426237316,0.0034599032847725214,-0.5676107678677487,-0.0003146338160668579
010816,USG CORP,32,Manufacturing,0.45266067822438283,0.000509493418477419,1.1122460687085665,0.0014649385157960906,-0.6595853904841836,-0.00033605441537555
001161,ADVANCED MICRO DEVICES,33,Manufacturing,1.2240739380418733,0.0007214305216226497,1.6991834716315777,0.0003074116300040277,-0.4751095335897044,-0.00034275851864551426
001794,ASHLAND INC,32,Manufacturing,0.5285775769519385,0.00083558947120526,0.9485150197167228,0.008066428669356602,-0.4199374427647843,-0.0003508953057391152
001773,ARROW ELECTRONICS INC,42,Wholesale Trade,1.064714313012076,0.004023471552206408,1.1539795356415088,0.00035009281329136636,-0.08926522262943282,-0.0003591560838508946
003153,COEUR MINING INC,21,"Mining, Quarrying, and Oil and Gas Extraction",1.4301449464405038,0.000112432548781452,4.6259356895292,2.0132371165100502e-05,-3.195790743088696,-0.00035931089861763256
005338,GREIF INC  -CL A,32,Manufacturing,0.4334722988201961,0.0005612702438354491,1.0824621865717503,0.00028376687447071916,-0.6489898877515542,-0.0003642587125450556
002316,HEXION INC,32,Manufacturing,0.40534500558968817,0.0005805894506878909,1.0628222781915717,0.004566386829754519,-0.6574772726018836,-0.00038172436853970034
003026,CHURCH & DWIGHT INC,32,Manufacturing,0.6384816859781487,0.0005898944183239883,1.2871106031004806,0.00010383840259358198,-0.648628917122332,-0.0003826225777739964
002771,CARLISLE COS INC,32,Manufacturing,0.5062254277730779,0.0006206801823904228,1.15448885547191,0.00037836378144656354,-0.648263427698832,-0.00040236426254115174
011096,VALSPAR CORP,32,Manufacturing,0.5401174357621816,0.0007076760569398028,1.1538911676350632,0.0001357548978341978,-0.6137737318728815,-0.00043435297442502856
002154,BEMIS CO INC,32,Manufacturing,0.4406980493155622,0.0006762397895097702,1.0840969089066406,0.0006581751248932839,-0.6433988595910783,-0.000435091909380697
008030,NUCOR CORP,33,Manufacturing,0.9852634728040633,0.002737133405660942,1.1510419528887361,0.0004793336540059117,-0.16577848008467277,-0.00045375781577945505
003570,CRACKER BARREL OLD CTRY STOR,72,Accommodation and Food Services,0.8900867505596544,0.0004918209038104508,1.8178218893933327,2.314894795205367e-05,-0.9277351388336783,-0.00045627953447789367
010275,TDK CORPORATION,33,Manufacturing,1.2578191103024152,0.0017859904218469574,1.5213056677972734,0.0009879577121958132,-0.26348655749485816,-0.00047058446797124435
002596,CACI INTL INC  -CL A,54,"Professional, Scientific, and Technical Services",1.1276549513951413,0.000632273901866303,1.949998490009006,3.4505823009654035e-05,-0.8223435386138647,-0.0005199463578339311
007637,VIATRIS INC,32,Manufacturing,0.7559945774002513,0.0018706024683899645,1.0461324533833913,2.204207491494371e-05,-0.29013787598314,-0.0005427326269874831
006268,JOHNSON CONTROLS INTL PLC,33,Manufacturing,1.050966244359507,0.006362166074815475,1.1380332044667483,0.0009586812184449649,-0.08706696010724135,-0.0005539344598316033
006502,KROGER CO,44,Retail Trade,0.9887819607732865,0.019477441964511132,1.0172513294219103,0.010250700522954586,-0.028469368648623816,-0.0005545104756198431
006078,INTL FLAVORS & FRAGRANCES,32,Manufacturing,0.6266555097914913,0.0005262710688339758,1.6879732069545117,0.0004454408836568473,-1.0613176971630205,-0.0005585407988583966
001976,BAKER HUGHES INC,21,"Mining, Quarrying, and Oil and Gas Extraction",1.0685461936290719,0.0016618908621929998,1.4081045675508113,0.0015375440215777208,-0.3395583739217394,-0.0005643089588016525
009815,SONOCO PRODUCTS CO,32,Manufacturing,0.43033525847432436,0.0008077044590278498,1.1425157609008065,0.00048725962008941816,-0.7121805024264822,-0.0005752313674425642
010857,UNION CARBIDE CORP,32,Manufacturing,0.4547334119464224,0.0008306921198178404,1.1815494229127423,0.009930062058237803,-0.72681601096632,-0.000603760332867159
008214,OWENS CORNING,32,Manufacturing,0.4738502246377602,0.0009586987526338443,1.1100692203415667,0.002270447980511435,-0.6362189957038065,-0.0006099423575831964
010622,TOSHIBA CORP,33,Manufacturing,1.1705501491322885,0.007383069971527208,1.253518851048989,0.009271823342793016,-0.08296870191670047,-0.0006125637316977832
008123,OLIN CORP,32,Manufacturing,0.4118500473428862,0.0009373530555521253,1.145327686548767,0.001840999126955382,-0.7334776392058807,-0.0006875275062887917
008902,RPM INTERNATIONAL INC,32,Manufacturing,0.6063554482439937,0.0008373077660455011,1.4532090072778756,0.00011793364577530717,-0.8468535590338819,-0.0007090770616823416
008215,O-I GLASS INC,32,Manufacturing,0.42998328595995144,0.001133990157466314,1.0589566486976332,0.0038807107785406524,-0.6289733627376817,-0.0007132496026530206
001919,AVNET INC,42,Wholesale Trade,1.0510380443217855,0.004427759392682534,1.2159304904090786,0.001258699453234329,-0.16489244608729314,-0.0007301040769454105
009465,SLB LTD,21,"Mining, Quarrying, and Oil and Gas Extraction",1.2088593840574895,0.004696391106349692,1.3661230528200432,0.004852692358273547,-0.1572636687625537,-0.0007385716953283812
011399,WESTERN DIGITAL CORP,33,Manufacturing,1.2836696620946402,0.0021943511699355593,1.629639914027466,2.022080177578523e-05,-0.3459702519328258,-0.0007591802270916965
011456,WEYERHAEUSER CO,32,Manufacturing,0.4722992701897197,0.0010748841924457318,1.2103137033539624,0.004506794534176685,-0.7380144331642426,-0.0007932800480050414
001913,AVERY DENNISON CORP,32,Manufacturing,0.4733496023953021,0.0010278527317079255,1.247341035017841,0.0006146950853026809,-0.773991432622539,-0.0007955492083396075
004040,DONNELLEY (R R) & SONS CO,32,Manufacturing,0.4080412627942413,0.0011645057228355116,1.1062467258497264,0.001104148579418974,-0.698205463055485,-0.0008130642574431307
003121,CLOROX CO/DE,32,Manufacturing,0.627711513125358,0.000972884184238784,1.5300629388617006,0.0006333549377595257,-0.9023514257363426,-0.0008778834307242054
004439,TELEFONAKTIEBOLAGET LM ERICS,33,Manufacturing,1.2692058255227676,0.004140033412578383,1.5100309998942658,0.0028415457811441784,-0.2408251743714982,-0.0009970242684880178
005667,HF SINCLAIR CORP,32,Manufacturing,0.36351219004460966,0.0017792077590495672,0.9276188029844233,0.0004066029543260089,-0.5641066129398137,-0.0010036628626736875
009555,SEALED AIR CORP,32,Manufacturing,0.5384011548301828,0.0011446798934257505,1.464351821587285,8.803018893072791e-05,-0.9259506667571022,-0.0010599171105410224
003170,COLGATE-PALMOLIVE CO,32,Manufacturing,0.8861858283395139,0.0025660432528221352,1.3344000771178732,0.005097638194653671,-0.44821424877835936,-0.001150137148896451
007648,NCR VOYIX CORP,51,Information,0.976137197189038,0.001104943797513342,2.0236700365700164,0.0033011127096561356,-1.0475328393809784,-0.001157464913565552
009667,SHERWIN-WILLIAMS CO,32,Manufacturing,0.6770082825615753,0.002002105134599843,1.265397641185683,0.0012556361771361153,-0.5883893586241078,-0.0011780173560452347
001891,AUTOMATIC DATA PROCESSING,51,Information,1.1759268994198666,0.0019703902247632846,1.870317851426912,0.0004520234993398396,-0.6943909520070455,-0.0013682211439987534
001920,AVON PRODUCTS,32,Manufacturing,0.8740403042372504,0.0009655719319948089,2.3007996612325257,0.0025526628480845195,-1.4267593569952752,-0.0013776387888255993
002285,BOEING CO,33,Manufacturing,0.9808840849280979,0.0159706006227471,1.0677892567510625,0.009365889666104752,-0.08690517182296464,-0.0013879277912357828
008530,PFIZER INC,32,Manufacturing,1.7012241009899534,0.008920609989277819,1.860939109519735,0.003009916670285532,-0.1597150085297816,-0.0014247553005283617
011781,OVINTIV INC,21,"Mining, Quarrying, and Oil and Gas Extraction",0.7248367968222358,0.000492774874085883,3.6273980394200365,0.0005538011706237572,-2.902561242597801,-0.0014303092508476953
008247,PPG INDUSTRIES INC,32,Manufacturing,0.5998151068245045,0.002493596227125479,1.2258635614956193,0.0031381937167038504,-0.6260484546711148,-0.0015611120645656282
007114,PANASONIC HOLDINGS CORP,33,Manufacturing,1.2326963135955424,0.011131519104254245,1.374086903129458,0.013602214706291547,-0.1413905895339156,-0.0015738920485585518
005234,GOODYEAR TIRE & RUBBER CO,32,Manufacturing,0.48459746206752913,0.002559794907948531,1.1108544741075141,0.008389986337828345,-0.6262570120399851,-0.0016030895104870155
001209,AIR PRODUCTS & CHEMICALS INC,32,Manufacturing,0.5695894542447529,0.0016084252949772387,1.5704976292463504,0.0014116695056833985,-1.0009081750015976,-0.0016098860266220742
011636,XEROX HOLDINGS CORP,33,Manufacturing,1.5024589043087453,0.0018189438549619755,2.541605739947251,0.008144057828707018,-1.0391468356385059,-0.0018901497510878421
001690,APPLE INC,33,Manufacturing,1.4513499544452058,0.036323317492120165,1.5089941463752146,0.00011637667086583562,-0.057644191930008803,-0.0020938282850504206
006435,KIMBERLY-CLARK CORP,32,Manufacturing,0.5499725619638405,0.0030738479294418236,1.2436900911572317,0.0025836612547378013,-0.6937175291933912,-0.0021323821907286034
006196,ANIXTER INTL INC,42,Wholesale Trade,1.1723543565540988,0.001287294143311127,2.84023523118219,0.00020567569001953427,-1.6678808746280913,-0.002147053281649382
006730,LILLY (ELI) & CO,32,Manufacturing,1.6351924756538339,0.0035838648578951394,2.247080834908987,0.002542267780118411,-0.611888359255153,-0.0021929251876896586
004087,DU PONT (E I) DE NEMOURS,32,Manufacturing,0.5814304642771637,0.004182000336484854,1.1308970609387377,0.013614339635979028,-0.5494665966615739,-0.0022978694921258896
006104,INTL PAPER CO,32,Manufacturing,0.4259628961392379,0.0035596989619110096,1.117663841747094,0.005010632409763571,-0.6917009456078562,-0.0024622471380331495
013714,PARAMOUNT SKYDANCE CORP,51,Information,1.0927087685624295,0.0022233975298885313,2.206827761578945,0.00015912144470467797,-1.1141189930165154,-0.002477129417074818
004213,ECOLAB INC,32,Manufacturing,0.7201621017316676,0.0022211683906363266,1.8610355346402696,0.0005441681956733255,-1.1408734329086019,-0.0025340720068933406
002403,BRISTOL-MYERS SQUIBB CO,32,Manufacturing,1.480094655367547,0.003280718807013861,2.3360236610986065,0.003138093362864759,-0.8559290057310596,-0.0028080623865705616
004925,FUJIFILM HLDGS CORP,32,Manufacturing,0.597054544446219,0.0035199118659944976,1.4214018159889263,0.0022563010700066134,-0.8243472715427074,-0.0029016297428033637
004598,FEDEX CORP,49,Transportation and Warehousing,1.0254626388958947,0.010186322011647144,1.332249886901133,0.0005857216402738422,-0.30678724800523827,-0.00312503369724841
005691,HONDA MOTOR CO LTD,33,Manufacturing,1.2003204079497936,0.021219850180864693,1.3496036088984895,0.007928962788246008,-0.14928320094869596,-0.0031677671586512464
005903,IMPERIAL OIL LTD,32,Manufacturing,0.37671433411828004,0.0039514870729045835,1.2697816837302796,0.006169354599203429,-0.8930673496119995,-0.003528944087224974
009063,AUTONATION INC,44,Retail Trade,0.9062497278417395,0.0036492022803707486,1.9052217687958348,1.7825226468359636e-06,-0.9989720409540953,-0.0036454510498763054
007257,MERCK & CO INC,32,Manufacturing,1.5999496890412865,0.00672237471306948,2.3530254875588668,0.0027165188080691153,-0.7530757985175802,-0.005062457704979188
004060,DUPONT DE NEMOURS INC,32,Manufacturing,0.4522390544054553,0.008132643038460572,1.1396483951571768,0.010558018754336092,-0.6874093407517214,-0.005590454789637258
008762,PROCTER & GAMBLE CO,32,Manufacturing,0.7346335620899515,0.011027315456797146,1.2578999777178386,0.010703286401234285,-0.5232664156278871,-0.00577022383307624
006266,JOHNSON & JOHNSON,32,Manufacturing,1.316456316141766,0.012140365215227596,1.795805348964513,0.004806431225657028,-0.479349032822747,-0.005819472324034269
005606,HP INC,33,Manufacturing,1.0166455983994045,0.00814615297332242,1.8388265749944317,0.0030791737360895497,-0.8221809765950272,-0.006697612007098712
015247,VALERO ENERGY CORP,32,Manufacturing,0.3561749423822868,0.011849226118954784,0.9497238160871975,0.0016911579283607643,-0.5935488737049106,-0.007033094817180422
002991,CHEVRON CORP,32,Manufacturing,0.40153713560103027,0.01744639213221815,0.9814296777041491,0.040220042146903424,-0.5798925421031189,-0.010117032684079836
007241,CVS HEALTH CORP,62,Health Care and Social Assistance,1.042880467419918,0.02997955870355396,1.7188946535425005,0.002317322165788544,-0.6760141861225826,-0.02026660697729722
004503,EXXON MOBIL CORP,32,Manufacturing,0.39932032334205336,0.03335569142552962,1.0398993649581445,0.10248213536229374,-0.6405790416160911,-0.021366956845807833
006066,INTL BUSINESS MACHINES CORP,51,Information,1.41969999925091,0.013496424926985526,3.022450032528144,0.026045306801389237,-1.6027500332772338,-0.02163139550084974
002410,BP PLC,32,Manufacturing,0.3858697779626131,0.03090532698996205,1.1446771599503283,0.04905217358933646,-0.7588073819877151,-0.023451190262727375
