ind2d,year,theta_c
11,1955.0,0.8512993516216506
11,1956.0,0.8187275399990461
11,1957.0,0.8101243737933935
11,1958.0,0.817561631970861
11,1959.0,0.7678696174007313
11,1960.0,0.8018579535077531
11,1961.0,0.8164029557163891
11,1962.0,0.8167072963240662
11,1963.0,0.8202757230155238
11,1964.0,0.829109925829406
11,1965.0,0.7963962328174929
11,1966.0,0.8556199394611962
11,1967.0,0.8727972886678858
11,1968.0,0.8667202714871143
11,1969.0,0.8518915980546964
11,1970.0,0.760126718204123
11,1971.0,0.8478085474901131
11,1972.0,0.8601741324278351
11,1973.0,0.8965056085049871
11,1974.0,0.9104174146092108
11,1975.0,0.948592996289021
11,1976.0,0.9330038384905256
11,1977.0,0.9298175931256344
11,1978.0,0.9104334463393581
11,1979.0,0.900629590585188
11,1980.0,0.8902716009637578
11,1981.0,0.858149901332395
11,1982.0,0.8640269640791254
11,1983.0,0.8516434871960382
11,1984.0,0.7740309368002968
11,1985.0,0.7931328194432345
11,1986.0,0.8091065205758707
11,1987.0,0.7933269680076267
11,1988.0,0.7543941355442503
11,1989.0,0.7657806154718597
11,1990.0,0.7797592622414462
11,1991.0,0.7853717254349155
11,1992.0,0.7641937250948045
11,1993.0,0.7899832729858414
11,1994.0,0.8259864956183568
11,1995.0,0.8211397100362429
11,1996.0,0.8128481373115295
11,1997.0,0.8097972932017838
11,1998.0,0.7985635620801672
11,1999.0,0.7969059875203263
11,2000.0,0.8161446600268267
11,2001.0,0.7979185562369899
11,2002.0,0.8223611517319468
11,2003.0,0.8281680798975914
11,2004.0,0.8312037138832289
11,2005.0,0.8369472733610521
11,2006.0,0.8419041381564925
11,2007.0,0.8195488003084586
11,2008.0,0.8627915915411605
11,2009.0,0.8747423830904038
11,2010.0,0.8671599460632885
11,2011.0,0.8857708267271192
11,2012.0,0.8929979397176426
11,2013.0,0.8654663266368061
11,2014.0,0.8583060746328254
11,2015.0,0.8654546592809249
11,2016.0,0.8325131619818719
21,1955.0,0.8207034790932265
21,1956.0,0.8176258077319877
21,1957.0,0.8093801038777322
21,1958.0,0.8050549861283369
21,1959.0,0.7748283803244188
21,1960.0,0.7695961036958667
21,1961.0,0.7747862867916088
21,1962.0,0.7596839027854341
21,1963.0,0.7641663331627112
21,1964.0,0.7495656687758495
21,1965.0,0.7539041502396375
21,1966.0,0.7465351346098349
21,1967.0,0.766120447200904
21,1968.0,0.7777923185401673
21,1969.0,0.7485462943112992
21,1970.0,0.7771808858088298
21,1971.0,0.7907843528123396
21,1972.0,0.8043941070607462
21,1973.0,0.7708053155709164
21,1974.0,0.8270151940199663
21,1975.0,0.8659889532779281
21,1976.0,0.8061561833494735
21,1977.0,0.8158298135578037
21,1978.0,0.7693999954206575
21,1979.0,0.7458222002266228
21,1980.0,0.6823307965926875
21,1981.0,0.5880898990320116
21,1982.0,0.511160600564944
21,1983.0,0.4381546525162808
21,1984.0,0.4230754233100579
21,1985.0,0.5283944761911616
21,1986.0,0.5273767063176793
21,1987.0,0.4385878129274732
21,1988.0,0.44183009312140314
21,1989.0,0.4380076236601861
21,1990.0,0.5223413549415257
21,1991.0,0.5711327519117216
21,1992.0,0.5663306468625631
21,1993.0,0.5389944469984462
21,1994.0,0.5336995513598606
21,1995.0,0.513338152887894
21,1996.0,0.49157573096412344
21,1997.0,0.5405316408000762
21,1998.0,0.5475911949495216
21,1999.0,0.4839720634708942
21,2000.0,0.4979130594453982
21,2001.0,0.5819013520238979
21,2002.0,0.546326404844635
21,2003.0,0.6010771192209068
21,2004.0,0.6219526410767349
21,2005.0,0.5920367882179651
21,2006.0,0.5581235079861601
21,2007.0,0.5227174000243515
21,2008.0,0.6508424578162239
21,2009.0,0.6059180835494193
21,2010.0,0.5592407716087031
21,2011.0,0.6020528323651018
21,2012.0,0.6000570099129022
21,2013.0,0.5968789568452536
21,2014.0,0.6533978514542345
21,2015.0,0.6896209563399691
21,2016.0,0.551968630094914
22,1955.0,0.9263244731417389
22,1956.0,0.9174943177705428
22,1957.0,0.9154594827709622
22,1958.0,0.8880754817293164
22,1959.0,0.8720611150420043
22,1960.0,0.8729548704038985
22,1961.0,0.8658468939744558
22,1962.0,0.8657715929174722
22,1963.0,0.9031651939643548
22,1964.0,0.9130862228138484
22,1965.0,0.9472531565368917
22,1966.0,0.941435562929244
22,1967.0,0.9397459299292084
22,1968.0,0.9118162295023333
22,1969.0,0.9224710708394444
22,1970.0,0.9054359343543468
22,1971.0,0.9232737191615701
22,1972.0,0.9450212452936715
22,1973.0,0.9346669414599171
22,1974.0,0.8957224754479713
22,1975.0,0.9137801737029312
22,1976.0,0.8777355025130886
22,1977.0,0.87645477175139
22,1978.0,0.823937998779164
22,1979.0,0.8442363815724536
22,1980.0,0.7503227811113466
22,1981.0,0.5696411336204059
22,1982.0,0.7633387723581955
22,1983.0,0.7176646247382924
22,1984.0,0.7573687630459263
22,1985.0,0.7594068563946362
22,1986.0,0.8243002092086176
22,1987.0,0.5775558630305482
22,1988.0,0.7293481819500999
22,1989.0,0.6616505807287447
22,1990.0,0.6920715851617948
22,1991.0,0.6699641308487325
22,1992.0,0.6857895704595602
22,1993.0,0.6532075312214458
22,1994.0,0.6861998890184874
22,1995.0,0.6093312435707522
22,1996.0,0.6416625558409427
22,1997.0,0.6501063734356408
22,1998.0,0.626642148371426
22,1999.0,0.6166718269391674
22,2000.0,0.6006120028187232
22,2001.0,0.6614287263574559
22,2002.0,0.6951480077995602
22,2003.0,0.6992871716661226
22,2004.0,0.7093064675241018
22,2005.0,0.6864634366537905
22,2006.0,0.65001855601363
22,2007.0,0.5643156786871376
22,2008.0,0.692561610881175
22,2009.0,0.6246219762733662
22,2010.0,0.6547701537378456
22,2011.0,0.5633270062534117
22,2012.0,0.5953142489070163
22,2013.0,0.5860524044420818
22,2014.0,0.6284647856705667
22,2015.0,0.6132987633890629
22,2016.0,0.5617942255856037
23,1955.0,0.9650021587973581
23,1956.0,0.9879839091400734
23,1957.0,0.9840359584347054
23,1958.0,0.9820949595355478
23,1959.0,0.9763963852885231
23,1960.0,0.9579408213715124
23,1961.0,0.967364274498735
23,1962.0,0.9614731747085118
23,1963.0,0.9621481913214757
23,1964.0,0.9415047114006374
23,1965.0,0.9434437084843993
23,1966.0,0.9375081789722559
23,1967.0,0.9432426100729747
23,1968.0,0.959772345271371
23,1969.0,0.9453229041907777
23,1970.0,0.9529550431864708
23,1971.0,0.9628339747858667
23,1972.0,0.9549012500023334
23,1973.0,0.9541121929577848
23,1974.0,0.9559994416746247
23,1975.0,0.9655660315191864
23,1976.0,0.9487356907876144
23,1977.0,0.953677089712597
23,1978.0,0.9578437955865958
23,1979.0,0.9460453533786312
23,1980.0,0.9372992397786484
23,1981.0,0.9071125741599009
23,1982.0,0.9100621579114425
23,1983.0,0.9183382727390055
23,1984.0,0.916510484985207
23,1985.0,0.9428637405003343
23,1986.0,0.9455713938450814
23,1987.0,0.9450509143356736
23,1988.0,0.9389595284339817
23,1989.0,0.939232688312805
23,1990.0,0.9242414004021937
23,1991.0,0.9306426731291239
23,1992.0,0.9385059165594586
23,1993.0,0.9445562535165124
23,1994.0,0.9383927591522465
23,1995.0,0.9456921738041728
23,1996.0,0.9465199980668343
23,1997.0,0.954368549782223
23,1998.0,0.9528335300703943
23,1999.0,0.9474687002964108
23,2000.0,0.9483955471297221
23,2001.0,0.9533599989769322
23,2002.0,0.9621786052245692
23,2003.0,0.9639734174031478
23,2004.0,0.964676188995479
23,2005.0,0.9616041702894633
23,2006.0,0.9576508902854648
23,2007.0,0.9573291557865619
23,2008.0,0.9705917948009466
23,2009.0,0.9666625165829958
23,2010.0,0.970635065028433
23,2011.0,0.9769408283053809
23,2012.0,0.9761712382985082
23,2013.0,0.971193148386686
23,2014.0,0.9717748580823181
23,2015.0,0.9694248552551108
23,2016.0,0.9732774963549626
31,1955.0,0.9597940701970707
31,1956.0,0.9596029576700977
31,1957.0,0.9538097848192875
31,1958.0,0.9524520246847943
31,1959.0,0.9406838807159601
31,1960.0,0.9466978190197645
31,1961.0,0.9469281602435105
31,1962.0,0.9459431031860289
31,1963.0,0.9414942145214198
31,1964.0,0.941114851755144
31,1965.0,0.9374704147370237
31,1966.0,0.939594591807386
31,1967.0,0.943729035096616
31,1968.0,0.9476046770822641
31,1969.0,0.9370634853419215
31,1970.0,0.9379425533741929
31,1971.0,0.9490295162237844
31,1972.0,0.9486895443536023
31,1973.0,0.9386401685183057
31,1974.0,0.9471281555913039
31,1975.0,0.9658469219536968
31,1976.0,0.9554692501305214
31,1977.0,0.9554079931036308
31,1978.0,0.9494863378864212
31,1979.0,0.945295167779417
31,1980.0,0.9418696564793282
31,1981.0,0.935004656139706
31,1982.0,0.9350415819941807
31,1983.0,0.9367524674646952
31,1984.0,0.9309399175980826
31,1985.0,0.9391523780363372
31,1986.0,0.9380280038168127
31,1987.0,0.9405169383371406
31,1988.0,0.9403787903141725
31,1989.0,0.9343064831758243
31,1990.0,0.9302158459352551
31,1991.0,0.9366651834103412
31,1992.0,0.9383076342445084
31,1993.0,0.9417871067716124
31,1994.0,0.9297617413914163
31,1995.0,0.9260619892746017
31,1996.0,0.929901481162196
31,1997.0,0.9198593609218453
31,1998.0,0.911407832872059
31,1999.0,0.9143429100304898
31,2000.0,0.9121679318101799
31,2001.0,0.9192733068470529
31,2002.0,0.9285952543304914
31,2003.0,0.9332946059152476
31,2004.0,0.9416495857017833
31,2005.0,0.9338339754094552
31,2006.0,0.9270825083774171
31,2007.0,0.9270806015771795
31,2008.0,0.9367461986470915
31,2009.0,0.9317511680072565
31,2010.0,0.9327570855974259
31,2011.0,0.9405570317215309
31,2012.0,0.9398651271042586
31,2013.0,0.9326969825019369
31,2014.0,0.9355246346406942
31,2015.0,0.9381884016770359
31,2016.0,0.932060412751059
32,1955.0,0.8947947934715196
32,1956.0,0.8883315916369677
32,1957.0,0.8826259912095511
32,1958.0,0.8838834222306029
32,1959.0,0.8641062116053622
32,1960.0,0.8826909603948341
32,1961.0,0.8872646856339059
32,1962.0,0.8843049553880564
32,1963.0,0.8827193190388225
32,1964.0,0.8845099787229357
32,1965.0,0.8865039650291737
32,1966.0,0.8888602457475457
32,1967.0,0.8913867142356999
32,1968.0,0.8962981719508362
32,1969.0,0.8813092368924639
32,1970.0,0.8946833308034234
32,1971.0,0.909718571944661
32,1972.0,0.9126160033040214
32,1973.0,0.8999170063646215
32,1974.0,0.9218016476115278
32,1975.0,0.9433786580573064
32,1976.0,0.9314893436782279
32,1977.0,0.9337497847799644
32,1978.0,0.9258092824285007
32,1979.0,0.9165255695360494
32,1980.0,0.9080586870392637
32,1981.0,0.8889616195038839
32,1982.0,0.8884601443556426
32,1983.0,0.8887439390807341
32,1984.0,0.881468270557054
32,1985.0,0.8865387234299034
32,1986.0,0.8854105171996408
32,1987.0,0.8847773166415
32,1988.0,0.8870579173074096
32,1989.0,0.8750414090020168
32,1990.0,0.8756757302422932
32,1991.0,0.8827049741222431
32,1992.0,0.8932722652735026
32,1993.0,0.8916485155962184
32,1994.0,0.8856501324294235
32,1995.0,0.8752971854101699
32,1996.0,0.8719037800576597
32,1997.0,0.8650552698112506
32,1998.0,0.8572532845714744
32,1999.0,0.8638238153609575
32,2000.0,0.8633382662465504
32,2001.0,0.8741339675844468
32,2002.0,0.8872459794134193
32,2003.0,0.9000273902624444
32,2004.0,0.9059226953895834
32,2005.0,0.896843069195268
32,2006.0,0.8851327483868756
32,2007.0,0.8797036866140875
32,2008.0,0.8994420018960505
32,2009.0,0.891269755265953
32,2010.0,0.8997808827152259
32,2011.0,0.9085458269694007
32,2012.0,0.9045690542980878
32,2013.0,0.9013429849522673
32,2014.0,0.9023320367980067
32,2015.0,0.8999811163937094
32,2016.0,0.8917314663548079
33,1955.0,0.9470239768592388
33,1956.0,0.9519225622782563
33,1957.0,0.9464319342583796
33,1958.0,0.941410752813033
33,1959.0,0.9335851271788701
33,1960.0,0.9341763113058054
33,1961.0,0.9351894301589607
33,1962.0,0.9367886385514894
33,1963.0,0.9328579661566456
33,1964.0,0.9333716519389986
33,1965.0,0.9347848653954587
33,1966.0,0.9354021861300007
33,1967.0,0.9349790419641619
33,1968.0,0.9332635000166479
33,1969.0,0.9241123323460262
33,1970.0,0.9276599317345511
33,1971.0,0.9383362837685463
33,1972.0,0.938546996712976
33,1973.0,0.9321530177060395
33,1974.0,0.9445386644218405
33,1975.0,0.9599389992418805
33,1976.0,0.9479346145295354
33,1977.0,0.9499440368335367
33,1978.0,0.9433368292611687
33,1979.0,0.9366259184568416
33,1980.0,0.9303364590496114
33,1981.0,0.9148741195771464
33,1982.0,0.9117094337663959
33,1983.0,0.9139896105520068
33,1984.0,0.9107794865463437
33,1985.0,0.9141970502873047
33,1986.0,0.9107836799819401
33,1987.0,0.9183177291202034
33,1988.0,0.9207718228458011
33,1989.0,0.9147511175354913
33,1990.0,0.9141967603862997
33,1991.0,0.9211645449259053
33,1992.0,0.9274300338356025
33,1993.0,0.9337172043065933
33,1994.0,0.9288023893585431
33,1995.0,0.9217050737929254
33,1996.0,0.9221499549079636
33,1997.0,0.9197513129420597
33,1998.0,0.9106070139495295
33,1999.0,0.911213285583085
33,2000.0,0.9108067720408701
33,2001.0,0.9163991586655534
33,2002.0,0.920512781612493
33,2003.0,0.926687535779142
33,2004.0,0.9345056853558931
33,2005.0,0.9315782550994541
33,2006.0,0.9233210621121867
33,2007.0,0.9229870024388764
33,2008.0,0.9367403330872853
33,2009.0,0.9255791827893012
33,2010.0,0.9345966108759547
33,2011.0,0.9412508857163151
33,2012.0,0.9376944698629534
33,2013.0,0.9362109727340371
33,2014.0,0.9381848609320533
33,2015.0,0.936137899983782
33,2016.0,0.935505070546672
42,1955.0,0.9690087950477683
42,1956.0,0.9314569123468027
42,1957.0,0.9302027154908659
42,1958.0,0.9436017392629594
42,1959.0,0.9508569907333476
42,1960.0,0.956354007665011
42,1961.0,0.9616199148473095
42,1962.0,0.9598670574004444
42,1963.0,0.9601168985635293
42,1964.0,0.9607557466687606
42,1965.0,0.9674992178910083
42,1966.0,0.9729178208607014
42,1967.0,0.9751751255410122
42,1968.0,0.9720857384712067
42,1969.0,0.964839587810453
42,1970.0,0.9593838714646504
42,1971.0,0.9709062851340218
42,1972.0,0.976582958739742
42,1973.0,0.9732584404438593
42,1974.0,0.9770210827468808
42,1975.0,0.9840879933695003
42,1976.0,0.977830563246165
42,1977.0,0.979615508428327
42,1978.0,0.9775544931957918
42,1979.0,0.9726520313761176
42,1980.0,0.9659211677156294
42,1981.0,0.9603416092963781
42,1982.0,0.9558988506630551
42,1983.0,0.9587028190348802
42,1984.0,0.9587628751467375
42,1985.0,0.9620218842468315
42,1986.0,0.9663570923074533
42,1987.0,0.9658826645714015
42,1988.0,0.9670019295848652
42,1989.0,0.9668269776453396
42,1990.0,0.9679870965855563
42,1991.0,0.9717590792150427
42,1992.0,0.97703686444834
42,1993.0,0.9797432987779232
42,1994.0,0.9781728503458385
42,1995.0,0.9766289205750323
42,1996.0,0.9766196173987873
42,1997.0,0.9748323653630377
42,1998.0,0.9726807400167573
42,1999.0,0.9752887350776154
42,2000.0,0.9742443715868786
42,2001.0,0.9761390953710373
42,2002.0,0.9777520381558259
42,2003.0,0.9795168136723186
42,2004.0,0.9823571437251513
42,2005.0,0.9814933178187779
42,2006.0,0.9809186313053682
42,2007.0,0.9806858406322093
42,2008.0,0.9842824579803291
42,2009.0,0.9807546246270196
42,2010.0,0.9814840335098007
42,2011.0,0.9830715686270544
42,2012.0,0.9824870920865563
42,2013.0,0.9830109047792013
42,2014.0,0.9839621271076471
42,2015.0,0.9807633958682782
42,2016.0,0.9818345481676425
44,1955.0,0.9765257976018482
44,1956.0,0.9838149624428347
44,1957.0,0.9844992804753837
44,1958.0,0.9836795411331883
44,1959.0,0.9794884180093668
44,1960.0,0.9776367556357586
44,1961.0,0.9780684837950078
44,1962.0,0.9766390797071063
44,1963.0,0.9760734204442053
44,1964.0,0.9767917478805963
44,1965.0,0.9756615134428346
44,1966.0,0.975279074199981
44,1967.0,0.9776715142278751
44,1968.0,0.9773782152378767
44,1969.0,0.9715724705975433
44,1970.0,0.9732033907132482
44,1971.0,0.9790972910461353
44,1972.0,0.976678772339027
44,1973.0,0.9723741526555914
44,1974.0,0.9734996263213817
44,1975.0,0.9824269643436945
44,1976.0,0.9779554162822592
44,1977.0,0.978082423958507
44,1978.0,0.9699050532216673
44,1979.0,0.9638670732186313
44,1980.0,0.9592152780796459
44,1981.0,0.9504747503128648
44,1982.0,0.9530241031871614
44,1983.0,0.958583230570844
44,1984.0,0.9552192767427139
44,1985.0,0.9559723772548157
44,1986.0,0.9550820838306876
44,1987.0,0.9545076325613577
44,1988.0,0.955902412557377
44,1989.0,0.950301882298338
44,1990.0,0.9529171189028944
44,1991.0,0.9572130868714723
44,1992.0,0.9591356844031971
44,1993.0,0.9608261329995151
44,1994.0,0.9563889398449297
44,1995.0,0.9499795454861396
44,1996.0,0.9473088035340245
44,1997.0,0.9466492046981427
44,1998.0,0.9411370832135152
44,1999.0,0.9408289181173576
44,2000.0,0.9422394983323017
44,2001.0,0.949512826474112
44,2002.0,0.952144723966951
44,2003.0,0.9580186981772914
44,2004.0,0.9575850550486538
44,2005.0,0.9543834049551734
44,2006.0,0.944383918642856
44,2007.0,0.9429032245439601
44,2008.0,0.95346624637249
44,2009.0,0.9509207138702669
44,2010.0,0.9524734332928062
44,2011.0,0.9566853963772919
44,2012.0,0.9592113019745182
44,2013.0,0.9585583408633142
44,2014.0,0.9654210894672632
44,2015.0,0.9627301410903627
44,2016.0,0.9690910706456662
45,1955.0,0.9708154612205288
45,1956.0,0.9690203433804128
45,1957.0,0.9660485927093949
45,1958.0,0.9685337709741334
45,1959.0,0.9633095908105201
45,1960.0,0.9631947461968414
45,1961.0,0.9674466248374565
45,1962.0,0.963279217832099
45,1963.0,0.9608728122468492
45,1964.0,0.959346195361459
45,1965.0,0.95532370127779
45,1966.0,0.9570997139646991
45,1967.0,0.958169116810918
45,1968.0,0.9611599246698022
45,1969.0,0.9524772728690916
45,1970.0,0.9583181616393392
45,1971.0,0.964089988665001
45,1972.0,0.9618204042931621
45,1973.0,0.9565885368687599
45,1974.0,0.9628281967831251
45,1975.0,0.9766179569172205
45,1976.0,0.9694728707092235
45,1977.0,0.970508206003648
45,1978.0,0.9584273792673781
45,1979.0,0.9540670980447228
45,1980.0,0.9499785717156704
45,1981.0,0.9417009530660867
45,1982.0,0.9480092726177757
45,1983.0,0.9501517179469121
45,1984.0,0.9451364680078674
45,1985.0,0.9515285381524057
45,1986.0,0.949137128934413
45,1987.0,0.9477339951706022
45,1988.0,0.9496891560328715
45,1989.0,0.9447786652224256
45,1990.0,0.9501000731704146
45,1991.0,0.955401028704793
45,1992.0,0.9608612132003875
45,1993.0,0.9612035646558428
45,1994.0,0.9550836124582045
45,1995.0,0.9500872124658288
45,1996.0,0.9499211106080483
45,1997.0,0.9504157112689899
45,1998.0,0.9467764004321532
45,1999.0,0.9448997207702663
45,2000.0,0.94492142171387
45,2001.0,0.9517171339604952
45,2002.0,0.9568704213216923
45,2003.0,0.9613533384385573
45,2004.0,0.9602214024448996
45,2005.0,0.9558758935377303
45,2006.0,0.9507466453795452
45,2007.0,0.9477476208585702
45,2008.0,0.9525052233261291
45,2009.0,0.9496489602954836
45,2010.0,0.9512490729638765
45,2011.0,0.9582244831141142
45,2012.0,0.9554685280196494
45,2013.0,0.9514642770628097
45,2014.0,0.9497627198854762
45,2015.0,0.949275216591305
45,2016.0,0.9626780271334159
48,1955.0,0.8726285008514775
48,1956.0,0.8624589314327002
48,1957.0,0.851728263085475
48,1958.0,0.845847766517343
48,1959.0,0.8082258402462494
48,1960.0,0.8729347461972337
48,1961.0,0.8896607851429529
48,1962.0,0.7974940476716869
48,1963.0,0.86320641568922
48,1964.0,0.8605963277156822
48,1965.0,0.8686330041205075
48,1966.0,0.7966235282854336
48,1967.0,0.7961981126827578
48,1968.0,0.8004634190239099
48,1969.0,0.7927506828102393
48,1970.0,0.8100209492517803
48,1971.0,0.8528650981059561
48,1972.0,0.864505544183945
48,1973.0,0.8399922448261619
48,1974.0,0.8622019302680812
48,1975.0,0.9069240710520869
48,1976.0,0.8788011141770196
48,1977.0,0.8847276584566329
48,1978.0,0.8459739416942303
48,1979.0,0.8486463051739831
48,1980.0,0.8331773828547386
48,1981.0,0.8095129207310416
48,1982.0,0.7862889250022611
48,1983.0,0.7976041712152648
48,1984.0,0.7703911532510139
48,1985.0,0.8170598046294568
48,1986.0,0.7955198387816094
48,1987.0,0.8265823103389551
48,1988.0,0.820617656505645
48,1989.0,0.7558276503938668
48,1990.0,0.7265577030549987
48,1991.0,0.7411624846659408
48,1992.0,0.7801681845082323
48,1993.0,0.7852195438373822
48,1994.0,0.7985939855249532
48,1995.0,0.7995646917358608
48,1996.0,0.7643871482860742
48,1997.0,0.7540778370425208
48,1998.0,0.7649343946127789
48,1999.0,0.7352502405272291
48,2000.0,0.7001128284499072
48,2001.0,0.8043573409830161
48,2002.0,0.7810205123695007
48,2003.0,0.8193246142543732
48,2004.0,0.8124680817649783
48,2005.0,0.7976022913491906
48,2006.0,0.7687004710202423
48,2007.0,0.7530508815496237
48,2008.0,0.7941147631224916
48,2009.0,0.7618023567362004
48,2010.0,0.7335278033876882
48,2011.0,0.7775714048095635
48,2012.0,0.7565989926225831
48,2013.0,0.7029056567570322
48,2014.0,0.6888401738969421
48,2015.0,0.6674757200841146
48,2016.0,0.6594703761981227
49,1955.0,0.9722441081372116
49,1956.0,0.9396798201404444
49,1957.0,0.9374481407326554
49,1958.0,0.9385638816679397
49,1959.0,0.9238126743702708
49,1960.0,0.9474874601394843
49,1961.0,0.9601044010490295
49,1962.0,0.9596051507410255
49,1963.0,0.9284913132142887
49,1964.0,0.9285564214704877
49,1965.0,0.9235891716499923
49,1966.0,0.9232306937073144
49,1967.0,0.9319862175316186
49,1968.0,0.9375714119022801
49,1969.0,0.9371794133598984
49,1970.0,0.9419995628751983
49,1971.0,0.954772277787523
49,1972.0,0.965687086802492
49,1973.0,0.9486511677666665
49,1974.0,0.958108338055753
49,1975.0,0.9563849143978835
49,1976.0,0.9336805265338929
49,1977.0,0.9382550296421543
49,1978.0,0.9343268864686344
49,1979.0,0.9432234934051903
49,1980.0,0.951212145034782
49,1981.0,0.9241825253124691
49,1982.0,0.9241812164685568
49,1983.0,0.9050295731358728
49,1984.0,0.9175081733327204
49,1985.0,0.9060281231377836
49,1986.0,0.9038292478228522
49,1987.0,0.8428597029035183
49,1988.0,0.8817173386502699
49,1989.0,0.8762787425006738
49,1990.0,0.8930186769687548
49,1991.0,0.9131149360295928
49,1992.0,0.9042013632515076
49,1993.0,0.9020206269996509
49,1994.0,0.8882907900984082
49,1995.0,0.8865802933188226
49,1996.0,0.8905519965316572
49,1997.0,0.9045425173644779
49,1998.0,0.914243647102397
49,1999.0,0.9226963575472668
49,2000.0,0.9538027712956509
49,2001.0,0.9605273101909685
49,2002.0,0.9447227120932075
49,2003.0,0.9651897805337383
49,2004.0,0.9642665344324106
49,2005.0,0.9616375019470584
49,2006.0,0.9609732117659877
49,2007.0,0.9743972526348759
49,2008.0,0.9855152658431527
49,2009.0,0.9596706691284806
49,2010.0,0.9628795230859954
49,2011.0,0.9183463497516344
49,2012.0,0.9120633893865138
49,2013.0,0.9108717617601627
49,2014.0,0.8915225722570722
49,2015.0,0.9178708410325942
49,2016.0,0.8623974686488898
51,1955.0,0.9326597107069473
51,1956.0,0.9346833580009483
51,1957.0,0.9432016739511788
51,1958.0,0.9330220249988465
51,1959.0,0.9249349940522178
51,1960.0,0.8870456905967129
51,1961.0,0.9080037204024081
51,1962.0,0.9151993389453437
51,1963.0,0.8974882208634214
51,1964.0,0.8882225665453265
51,1965.0,0.8890716795749525
51,1966.0,0.8869525141541119
51,1967.0,0.8954177875687578
51,1968.0,0.9022119631881185
51,1969.0,0.8919832116714049
51,1970.0,0.8977648070913059
51,1971.0,0.9111976353761709
51,1972.0,0.907431289181761
51,1973.0,0.8887103973794335
51,1974.0,0.9124818086280269
51,1975.0,0.9379909858615341
51,1976.0,0.9256393984513377
51,1977.0,0.9258033959038005
51,1978.0,0.9152091680401717
51,1979.0,0.9096814225207441
51,1980.0,0.9062338750696358
51,1981.0,0.8903863624755411
51,1982.0,0.8782430553064051
51,1983.0,0.8843363351358767
51,1984.0,0.8690019797017635
51,1985.0,0.8697154450635001
51,1986.0,0.856006834607362
51,1987.0,0.8633384547008609
51,1988.0,0.8671973209499707
51,1989.0,0.8625339737989166
51,1990.0,0.8736562835753274
51,1991.0,0.8906787480300897
51,1992.0,0.8927778562295384
51,1993.0,0.9018993046900072
51,1994.0,0.8981127754594991
51,1995.0,0.8783031150555821
51,1996.0,0.8735150806300656
51,1997.0,0.8738394770443443
51,1998.0,0.8677969061369435
51,1999.0,0.8691318515064441
51,2000.0,0.8596868120263068
51,2001.0,0.8736405098689553
51,2002.0,0.8741733380450237
51,2003.0,0.8862737838318816
51,2004.0,0.9003773813130233
51,2005.0,0.8935905644026503
51,2006.0,0.8852701978153712
51,2007.0,0.8906768491014009
51,2008.0,0.9105929478980306
51,2009.0,0.9087842630413192
51,2010.0,0.9161270797504701
51,2011.0,0.921733659101293
51,2012.0,0.9176898583298674
51,2013.0,0.9160248778371918
51,2014.0,0.916953326991689
51,2015.0,0.921778482139572
51,2016.0,0.9190128234165991
52,1955.0,0.9330796398478097
52,1956.0,0.9328291946363527
52,1957.0,0.9211720897845614
52,1958.0,0.9232135547856446
52,1959.0,0.8908593474193707
52,1960.0,0.8605961005094935
52,1961.0,0.8835942981854077
52,1962.0,0.8815502291137535
52,1963.0,0.9427315224545378
52,1964.0,0.9430331692833166
52,1965.0,0.944985802424523
52,1966.0,0.9407265573038814
52,1967.0,0.9268849120962163
52,1968.0,0.9319381177773928
52,1969.0,0.927386495463694
52,1970.0,0.9355415691258152
52,1971.0,0.9457621883404393
52,1972.0,0.9364012708980525
52,1973.0,0.9354941727508455
52,1974.0,0.9384304458495318
52,1975.0,0.9557661051337095
52,1976.0,0.9420773036594671
52,1977.0,0.9478808022900608
52,1978.0,0.9470378722707249
52,1979.0,0.9295905469742818
52,1980.0,0.909105253795847
52,1981.0,0.8923788997258078
52,1982.0,0.8927688203646638
52,1983.0,0.8703287744130103
52,1984.0,0.8941941065556082
52,1985.0,0.9047354366926382
52,1986.0,0.9251341373208773
52,1987.0,0.9403825498641144
52,1988.0,0.9181339615784518
52,1989.0,0.9330565407958834
52,1990.0,0.9504855275577568
52,1991.0,0.9546729371386676
52,1992.0,0.9552087597317004
52,1993.0,0.9581470079080489
52,1994.0,0.9625361242219426
52,1995.0,0.962816857060496
52,1996.0,0.952783172503477
52,1997.0,0.9466530336247726
52,1998.0,0.9470742112421783
52,1999.0,0.9405319913111494
52,2000.0,0.9431752995966075
52,2001.0,0.955397680955983
52,2002.0,0.9592432705630316
52,2003.0,0.9653208751937177
52,2004.0,0.9685492055397987
52,2005.0,0.9701058251541779
52,2006.0,0.9633150525532869
52,2007.0,0.9611003389687703
52,2008.0,0.9646300937350571
52,2009.0,0.960123109568282
52,2010.0,0.9615107428128751
52,2011.0,0.9653741164344287
52,2012.0,0.9653373804834232
52,2013.0,0.9643162513630744
52,2014.0,0.9642421491518451
52,2015.0,0.9646966816649569
52,2016.0,0.9657748324329692
53,1955.0,0.8816144915043864
53,1956.0,0.8812423064562455
53,1957.0,0.8727591261469143
53,1958.0,0.8808503463899507
53,1959.0,0.893499912905501
53,1960.0,0.932479070695858
53,1961.0,0.8806177093148069
53,1962.0,0.8416845832210433
53,1963.0,0.8154020434557334
53,1964.0,0.8297861734038907
53,1965.0,0.8272563428769871
53,1966.0,0.8325559671339973
53,1967.0,0.7829103788319691
53,1968.0,0.8321277838372482
53,1969.0,0.8336424261469383
53,1970.0,0.8424018485560084
53,1971.0,0.8746760293392408
53,1972.0,0.8235428686331767
53,1973.0,0.8390765370545858
53,1974.0,0.8660444658321464
53,1975.0,0.8878337185091988
53,1976.0,0.883092693524676
53,1977.0,0.8833001115665883
53,1978.0,0.8368487369831947
53,1979.0,0.806781514753639
53,1980.0,0.7863440623167459
53,1981.0,0.7460257205212957
53,1982.0,0.7523216479549364
53,1983.0,0.8074164040303599
53,1984.0,0.7503847321408642
53,1985.0,0.7895397123344012
53,1986.0,0.8223475881202807
53,1987.0,0.786634003889483
53,1988.0,0.7763768915430411
53,1989.0,0.7667123524372446
53,1990.0,0.7851520337736722
53,1991.0,0.7705095452362495
53,1992.0,0.7825595276990159
53,1993.0,0.7653889093958264
53,1994.0,0.7489631768280793
53,1995.0,0.7480520273254081
53,1996.0,0.7492420189508597
53,1997.0,0.7388865429078247
53,1998.0,0.7149091715507694
53,1999.0,0.7377977568565051
53,2000.0,0.7208960510993405
53,2001.0,0.7815411636943098
53,2002.0,0.7430802609686841
53,2003.0,0.7470598417662254
53,2004.0,0.7725975809070542
53,2005.0,0.7505570982807075
53,2006.0,0.7081910154319581
53,2007.0,0.6940805613418641
53,2008.0,0.7188358776779835
53,2009.0,0.6952685614850289
53,2010.0,0.7386293972560515
53,2011.0,0.7970724241470092
53,2012.0,0.7903657020161219
53,2013.0,0.7693641275564447
53,2014.0,0.7841884227927516
53,2015.0,0.7634654001769301
53,2016.0,0.7399107394132352
54,1955.0,0.8841346072421313
54,1956.0,0.9115127510659288
54,1957.0,0.9178286886792117
54,1958.0,0.8792412839319916
54,1959.0,0.8606191532112124
54,1960.0,0.9342577766856829
54,1961.0,0.9433835834747842
54,1962.0,0.9286284816336166
54,1963.0,0.9534421546162939
54,1964.0,0.9498018749801331
54,1965.0,0.9613119565688322
54,1966.0,0.953640472307529
54,1967.0,0.9678478878844012
54,1968.0,0.9476890931755229
54,1969.0,0.9247213204225424
54,1970.0,0.9445943665032798
54,1971.0,0.9581351252750882
54,1972.0,0.9655274937299031
54,1973.0,0.9626865886547343
54,1974.0,0.9652964496641743
54,1975.0,0.971228342611749
54,1976.0,0.9602375248010153
54,1977.0,0.9616571034536555
54,1978.0,0.9581690106987839
54,1979.0,0.9471469205615052
54,1980.0,0.9406447201800939
54,1981.0,0.9288468579482496
54,1982.0,0.9307547405020202
54,1983.0,0.9323761422777445
54,1984.0,0.9243921446252572
54,1985.0,0.9295314813505013
54,1986.0,0.9251904392815604
54,1987.0,0.9232772685667395
54,1988.0,0.9244798747060907
54,1989.0,0.9249773225698008
54,1990.0,0.9283880839526919
54,1991.0,0.9318178377981038
54,1992.0,0.9392838227605389
54,1993.0,0.9464919028087685
54,1994.0,0.9447662862862258
54,1995.0,0.9434948209507357
54,1996.0,0.9465474089456025
54,1997.0,0.9412476972310289
54,1998.0,0.9415011779117518
54,1999.0,0.9442813004074708
54,2000.0,0.9401525755304638
54,2001.0,0.9454710385456365
54,2002.0,0.9513305279318488
54,2003.0,0.9563146788783237
54,2004.0,0.9576177083714603
54,2005.0,0.954213688311246
54,2006.0,0.9508374123587094
54,2007.0,0.9472927846170793
54,2008.0,0.9596019540979032
54,2009.0,0.959175574899668
54,2010.0,0.96088794475218
54,2011.0,0.9650888374848683
54,2012.0,0.9647958243503261
54,2013.0,0.9657180432593319
54,2014.0,0.9680119566117427
54,2015.0,0.9659339782717189
54,2016.0,0.9653022989799764
56,1955.0,0.9503132480927536
56,1956.0,0.9486491680128627
56,1957.0,0.9508358760993352
56,1958.0,0.9381999954945022
56,1959.0,0.9237753786970968
56,1960.0,0.9436196282604483
56,1961.0,0.9433846338301941
56,1962.0,0.9507291323954432
56,1963.0,0.9478703297015877
56,1964.0,0.946814077462145
56,1965.0,0.9377543595329422
56,1966.0,0.9490433365624984
56,1967.0,0.9487882720458225
56,1968.0,0.94676038997991
56,1969.0,0.9429754611616844
56,1970.0,0.942715117523485
56,1971.0,0.9453586958872922
56,1972.0,0.9438465118607959
56,1973.0,0.938380746215188
56,1974.0,0.9541317457164463
56,1975.0,0.9651419145455412
56,1976.0,0.964129103928403
56,1977.0,0.9735750627014563
56,1978.0,0.9679057770204609
56,1979.0,0.9654355926958849
56,1980.0,0.9441198560985806
56,1981.0,0.9463576893838439
56,1982.0,0.9284106885723571
56,1983.0,0.9272393480630592
56,1984.0,0.9291653835965211
56,1985.0,0.9320417940654488
56,1986.0,0.9217364656530189
56,1987.0,0.9272981488908374
56,1988.0,0.9310078485925274
56,1989.0,0.9180672934137563
56,1990.0,0.9155462941738732
56,1991.0,0.908673574843365
56,1992.0,0.9233241445160885
56,1993.0,0.9443004514630947
56,1994.0,0.9403658193791116
56,1995.0,0.9497391873556503
56,1996.0,0.9389391255844042
56,1997.0,0.9455136003104315
56,1998.0,0.949219216784341
56,1999.0,0.9450136807162186
56,2000.0,0.9387564065232954
56,2001.0,0.9452886299976175
56,2002.0,0.9535315399343218
56,2003.0,0.9536673038354649
56,2004.0,0.9542527353951064
56,2005.0,0.9560216347108769
56,2006.0,0.9422690667241402
56,2007.0,0.9348714688890835
56,2008.0,0.9512901806645953
56,2009.0,0.950911746434275
56,2010.0,0.9535458104537241
56,2011.0,0.9594258506823644
56,2012.0,0.9624712004344429
56,2013.0,0.9541181805060344
56,2014.0,0.9528561616311949
56,2015.0,0.9517473895869071
56,2016.0,0.9550688206752765
61,1966.0,0.8109588334474586
61,1967.0,0.8189757489513481
61,1968.0,0.7884818468714039
61,1969.0,0.7447147544152578
61,1970.0,0.7783765444518501
61,1971.0,0.800652290163309
61,1972.0,0.9203868137973994
61,1973.0,0.8997474111300385
61,1974.0,0.8741390135696492
61,1975.0,0.9196363243045756
61,1976.0,0.9203165941488691
61,1977.0,0.933038803506195
61,1978.0,0.9125805583966651
61,1979.0,0.8541376406099772
61,1980.0,0.8986680327815809
61,1981.0,0.8910730365628691
61,1982.0,0.9111948979537081
61,1983.0,0.9097037012856346
61,1984.0,0.8954880269210042
61,1985.0,0.8702552099880922
61,1986.0,0.8791456998078563
61,1987.0,0.8733052919559475
61,1988.0,0.886003303211294
61,1989.0,0.8809384042902926
61,1990.0,0.8884852775378616
61,1991.0,0.8973331301467657
61,1992.0,0.9265024845243564
61,1993.0,0.9297519261598133
61,1994.0,0.9331365913291726
61,1995.0,0.924334735039582
61,1996.0,0.915319411041326
61,1997.0,0.898395267468476
61,1998.0,0.8994645439060357
61,1999.0,0.9158138096328828
61,2000.0,0.9104452170163831
61,2001.0,0.9207324708325471
61,2002.0,0.9346830155940163
61,2003.0,0.939816601285897
61,2004.0,0.9296302169813666
61,2005.0,0.9141587131005386
61,2006.0,0.9060721743306273
61,2007.0,0.9014777838081539
61,2008.0,0.9227473024386699
61,2009.0,0.9162793026650629
61,2010.0,0.9167017612660233
61,2011.0,0.9122544064497633
61,2012.0,0.9100147251794203
61,2013.0,0.9145765154372518
61,2014.0,0.9159146371568317
61,2015.0,0.9161653621860981
61,2016.0,0.9083419350511324
62,1955.0,0.9619805278569167
62,1956.0,0.9637001745832953
62,1957.0,0.9577896291522714
62,1958.0,0.9574216201350881
62,1959.0,0.9498958190646445
62,1960.0,0.7529942643351848
62,1961.0,0.9404166412537514
62,1962.0,0.9034483571288996
62,1963.0,0.9072191654627807
62,1964.0,0.9158477233158978
62,1965.0,0.9386311917372202
62,1966.0,0.9298475160315409
62,1967.0,0.912807656292656
62,1968.0,0.8895850857733361
62,1969.0,0.8465625533366108
62,1970.0,0.8519390119539509
62,1971.0,0.8795802430179508
62,1972.0,0.8745558862822385
62,1973.0,0.8518915684676294
62,1974.0,0.8933050929595936
62,1975.0,0.9277343141439177
62,1976.0,0.9243000989069529
62,1977.0,0.9267828035255755
62,1978.0,0.9220091546136353
62,1979.0,0.905069729334198
62,1980.0,0.8960477126978744
62,1981.0,0.8879834094306177
62,1982.0,0.8752279544210599
62,1983.0,0.8815142957989619
62,1984.0,0.8690698735935816
62,1985.0,0.8866540003688608
62,1986.0,0.8887818105990385
62,1987.0,0.9108975044832293
62,1988.0,0.924697698363814
62,1989.0,0.9228664152003501
62,1990.0,0.9415629078521426
62,1991.0,0.9463243700515402
62,1992.0,0.939589007740838
62,1993.0,0.9419736613681292
62,1994.0,0.9276528408723084
62,1995.0,0.9297659509828315
62,1996.0,0.9272588807688101
62,1997.0,0.9316512956690084
62,1998.0,0.9322493224422864
62,1999.0,0.9430659431331878
62,2000.0,0.9403412382935028
62,2001.0,0.9401486236408299
62,2002.0,0.9410908439382027
62,2003.0,0.9474769667015552
62,2004.0,0.9507771816968503
62,2005.0,0.9463578322403181
62,2006.0,0.9386926209617925
62,2007.0,0.9432459722444073
62,2008.0,0.9500701098295997
62,2009.0,0.9477660931807148
62,2010.0,0.9485950693623462
62,2011.0,0.938824251753978
62,2012.0,0.9258383145081512
62,2013.0,0.9327243470614943
62,2014.0,0.9342943603701495
62,2015.0,0.9312116918963929
62,2016.0,0.9377904364624071
71,1959.0,0.9063539997497434
71,1960.0,0.899646882666687
71,1961.0,0.9122221674416433
71,1962.0,0.9183564481206065
71,1963.0,0.9437562298001494
71,1964.0,0.8556618422257518
71,1965.0,0.8528715260380249
71,1966.0,0.760543544592454
71,1967.0,0.7558084906994846
71,1968.0,0.7910910203995154
71,1969.0,0.7918930643089024
71,1970.0,0.7578871685450133
71,1971.0,0.7973710951911573
71,1972.0,0.8016900962030622
71,1973.0,0.7464858756661177
71,1974.0,0.7798597911601717
71,1975.0,0.8549500712910425
71,1976.0,0.8138446350170896
71,1977.0,0.8124232998794315
71,1978.0,0.8162830820999282
71,1979.0,0.7409586021472359
71,1980.0,0.7555595217623824
71,1981.0,0.7498052516090913
71,1982.0,0.7696530621381592
71,1983.0,0.772619206538589
71,1984.0,0.7509941540440925
71,1985.0,0.7608538561592928
71,1986.0,0.74771596659224
71,1987.0,0.7486635022386208
71,1988.0,0.778572340422907
71,1989.0,0.7586342979701187
71,1990.0,0.7752975863477585
71,1991.0,0.7788208788521873
71,1992.0,0.7882162518600468
71,1993.0,0.8212335569853673
71,1994.0,0.7518115324958269
71,1995.0,0.7638406700612398
71,1996.0,0.7993378837486335
71,1997.0,0.7820622378235303
71,1998.0,0.7806448419315593
71,1999.0,0.8151156609699026
71,2000.0,0.8041641403317249
71,2001.0,0.8429539917983585
71,2002.0,0.8466709414321716
71,2003.0,0.8535754796502191
71,2004.0,0.8493582758178781
71,2005.0,0.8233522363228656
71,2006.0,0.7970714367668231
71,2007.0,0.7928735843702995
71,2008.0,0.8238238187114539
71,2009.0,0.8202456677824336
71,2010.0,0.7931942005793491
71,2011.0,0.8095200023849352
71,2012.0,0.8113090990596832
71,2013.0,0.8251149637967258
71,2014.0,0.8090647334896497
71,2015.0,0.8094472275695571
71,2016.0,0.7988688751995103
72,1955.0,0.881576281847652
72,1956.0,0.8794492091904929
72,1957.0,0.8371553376273356
72,1958.0,0.8457624011708442
72,1959.0,0.8375141257150781
72,1960.0,0.8896965745674906
72,1961.0,0.9464702909706423
72,1962.0,0.8904589959332123
72,1963.0,0.8790756246220617
72,1964.0,0.8892204981371298
72,1965.0,0.8444111533454643
72,1966.0,0.7756050778510579
72,1967.0,0.8033967409678191
72,1968.0,0.8892322363054302
72,1969.0,0.8929867779412229
72,1970.0,0.9237789077650711
72,1971.0,0.9310520138743076
72,1972.0,0.9310086790951293
72,1973.0,0.9206801143461207
72,1974.0,0.9237035138082587
72,1975.0,0.9464004862473712
72,1976.0,0.9206857987387993
72,1977.0,0.9173192193527271
72,1978.0,0.8904133368083014
72,1979.0,0.8797326231691176
72,1980.0,0.8740267003844604
72,1981.0,0.8559694483922751
72,1982.0,0.8614657310686833
72,1983.0,0.8672610972879808
72,1984.0,0.8545959831683068
72,1985.0,0.8752992735527279
72,1986.0,0.8789314166098042
72,1987.0,0.8734746035315566
72,1988.0,0.8786632436921745
72,1989.0,0.8682226631178573
72,1990.0,0.8834160659061643
72,1991.0,0.8973243510639326
72,1992.0,0.8993604526176026
72,1993.0,0.8921440916061256
72,1994.0,0.88325574359445
72,1995.0,0.8698233163947897
72,1996.0,0.8656510141812883
72,1997.0,0.8639794519144072
72,1998.0,0.86639989068879
72,1999.0,0.8736667748586008
72,2000.0,0.8750221918851269
72,2001.0,0.8939768135255646
72,2002.0,0.8949618913043607
72,2003.0,0.9051054646064505
72,2004.0,0.9075415779592964
72,2005.0,0.9003657111465373
72,2006.0,0.8873403949560353
72,2007.0,0.8795482236829351
72,2008.0,0.8967149391378384
72,2009.0,0.898994829449868
72,2010.0,0.9055422178385261
72,2011.0,0.9098717754952228
72,2012.0,0.9046390249343708
72,2013.0,0.9033372416096734
72,2014.0,0.9043066718397248
72,2015.0,0.9078029639169254
72,2016.0,0.904899747674141
81,1960.0,0.9165861391590356
81,1961.0,0.9163154010448379
81,1962.0,0.923290750176608
81,1963.0,0.9451598299285476
81,1964.0,0.9117270658111005
81,1965.0,0.9414497023165523
81,1966.0,0.9385372588195091
81,1967.0,0.9247677912387983
81,1968.0,0.9334390189422027
81,1969.0,0.9278217529421142
81,1970.0,0.9397160389283907
81,1971.0,0.949474892808371
81,1972.0,0.9471284493018157
81,1973.0,0.9272897978046519
81,1974.0,0.9320194387705683
81,1975.0,0.9536969378807287
81,1976.0,0.9398828693558018
81,1977.0,0.932863388490788
81,1978.0,0.9324247471720526
81,1979.0,0.9301315003439272
81,1980.0,0.9199811446332671
81,1981.0,0.9163423458048546
81,1982.0,0.9097350946817501
81,1983.0,0.9085702780395495
81,1984.0,0.8995565848455621
81,1985.0,0.913166987505631
81,1986.0,0.9075688593020982
81,1987.0,0.9100115174519375
81,1988.0,0.9034630979478017
81,1989.0,0.8926612427556869
81,1990.0,0.8935610333573203
81,1991.0,0.9082712263433862
81,1992.0,0.9173470486994959
81,1993.0,0.9034293242874674
81,1994.0,0.921179241539089
81,1995.0,0.9124217431103765
81,1996.0,0.9092040384864803
81,1997.0,0.9019218199588515
81,1998.0,0.8874291063058982
81,1999.0,0.896057218722746
81,2000.0,0.8742802530927807
81,2001.0,0.9052707556000023
81,2002.0,0.9003152820832865
81,2003.0,0.9213129374611722
81,2004.0,0.9254297579318418
81,2005.0,0.9048643970607424
81,2006.0,0.904394751820092
81,2007.0,0.890737507339016
81,2008.0,0.9052285243300052
81,2009.0,0.8972038849691175
81,2010.0,0.9006418569747505
81,2011.0,0.9095574161854642
81,2012.0,0.9129558239872012
81,2013.0,0.9445622456673614
81,2014.0,0.9373634979226716
81,2015.0,0.9264462630438929
81,2016.0,0.94425745117786
99,1955.0,0.8645458338420515
99,1956.0,0.868605279049897
99,1957.0,0.8591231229175027
99,1958.0,0.8501649911766948
99,1959.0,0.8323975515305222
99,1960.0,0.8939001496871734
99,1961.0,0.9078901550228817
99,1962.0,0.9167252287936003
99,1963.0,0.8945529113459559
99,1964.0,0.915461995680316
99,1965.0,0.9035454969700392
99,1966.0,0.9042365701128054
99,1967.0,0.9161761190323376
99,1968.0,0.9024572036730076
99,1969.0,0.8918673435197028
99,1970.0,0.9030503464411256
99,1971.0,0.9229852040270395
99,1972.0,0.9241719403699852
99,1973.0,0.9121758539042022
99,1974.0,0.9293828735055909
99,1975.0,0.9523642356519681
99,1976.0,0.9436708091113445
99,1977.0,0.9459776539678959
99,1978.0,0.9382247964515007
99,1979.0,0.9226276078945657
99,1980.0,0.9169559119282392
99,1981.0,0.8989908483669665
99,1982.0,0.9048050388210038
99,1983.0,0.8943257018595078
99,1984.0,0.8903772635215873
99,1985.0,0.9016351966312031
99,1986.0,0.9100256866852143
99,1987.0,0.9213517392921458
99,1988.0,0.9111051825261084
99,1989.0,0.9004058308503193
99,1990.0,0.8972218526666751
99,1991.0,0.9054744600624806
99,1992.0,0.9246776024691572
99,1993.0,0.936339340203909
99,1994.0,0.9227736057050352
99,1995.0,0.9158783778472506
99,1996.0,0.9133202546047079
99,1997.0,0.9089078821709131
99,1998.0,0.9010888190229339
99,1999.0,0.8981891177526262
99,2000.0,0.8995824752323628
99,2001.0,0.9185440275677688
99,2002.0,0.9326616744286351
99,2003.0,0.9418145483585105
99,2004.0,0.9443132283448538
99,2005.0,0.9387896047759959
99,2006.0,0.9328184794791856
99,2007.0,0.9087198146675706
99,2008.0,0.938404909629549
99,2009.0,0.923881886885818
99,2010.0,0.9103317281661466
99,2011.0,0.9076391946127553
99,2012.0,0.8887836511607548
99,2013.0,0.9206534941895362
99,2014.0,0.9265003827698541
99,2015.0,0.9425297701899721
99,2016.0,0.9478888917144119
