ind2d,year,theta_c,theta_k
72,1983.0,0.8526418896064496,0.1466012360881766
72,1984.0,0.8379558476734089,0.11596830026579986
72,1985.0,0.8219170213504123,0.11405535287352327
44,1982.0,0.820786453277938,0.11626520420941946
44,1983.0,0.833401155447712,0.0880070973394584
44,1984.0,0.8408918407516351,0.08887528654099915
44,1985.0,0.8328147413426673,0.14219147622920475
44,1986.0,0.8321880193004786,0.12614161102825008
44,1987.0,0.8257770266611842,0.14022870593901937
44,1988.0,0.820762593787524,0.15291676344770574
44,1989.0,0.8127819539310303,0.1643107220913348
42,1965.0,0.8745521092043128,0.11233984250342527
42,1966.0,0.8745521092043128,0.11233984250342527
42,1967.0,0.8745521092043128,0.11233984250342527
42,1968.0,0.8745521092043128,0.11233984250342527
42,1969.0,0.8745521092043128,0.11233984250342527
42,1970.0,0.8749534037128591,0.0982250553443557
42,1971.0,0.8754257752949139,0.08862691447290465
42,1972.0,0.8778688522894239,0.06646246751570425
42,1973.0,0.8802419330513526,0.05700130500618221
42,1974.0,0.9015047799620008,0.036780788709220226
42,1975.0,0.917222369264944,0.053626696187703375
42,1976.0,0.9154372619329197,0.07631708137464031
42,1977.0,0.9110211283117752,0.07618787253399992
42,1978.0,0.9108598366089082,0.08565216747243776
42,1979.0,0.8987902545211959,0.09090355547262499
42,1980.0,0.8968689780615892,0.10403396677261664
42,1981.0,0.8913688737074031,0.09851238228644889
42,1982.0,0.8994492907189272,0.11348259177550851
42,1983.0,0.8965125536246816,0.1228966945101427
42,1984.0,0.894083663852466,0.13105234050237882
42,1985.0,0.8835050548150611,0.13735189575885895
42,1986.0,0.879425008834693,0.12917137075037488
42,1987.0,0.8721712651199808,0.10887871530072697
42,1988.0,0.864175847561923,0.10800772204075623
42,1989.0,0.8644045660030184,0.11472902688550357
42,1990.0,0.8701882023833206,0.09510501637335698
42,1991.0,0.8789916755147568,0.08600080712872706
42,1992.0,0.8906637414815315,0.09198867454507188
42,1993.0,0.9010061381172283,0.0858256391188156
42,1994.0,0.9011591551959938,0.08636534319553733
42,1995.0,0.8964651322365127,0.09239326730992974
42,1996.0,0.8876933513086953,0.1086539645070133
42,1997.0,0.8743475484424008,0.10773718800894046
42,1998.0,0.8656906826445208,0.11812516428043784
42,1999.0,0.8545375526724042,0.1203480156150169
42,2000.0,0.8511434343072535,0.14095571776850438
42,2001.0,0.8492130937699535,0.13943961785231018
42,2002.0,0.8465799833983959,0.167077333092391
42,2003.0,0.8449299001076239,0.18010883058879082
42,2004.0,0.8509659652215557,0.17865017983388498
42,2005.0,0.8511636907390437,0.16306385170796836
42,2006.0,0.8514645743776963,0.16249075218260764
42,2007.0,0.853119515391735,0.1665684349764202
42,2008.0,0.8547600603355856,0.1094698053687572
42,2009.0,0.8505307362450856,0.10947040005666217
42,2010.0,0.8519204930798707,0.0980224556360905
42,2011.0,0.858297983319685,0.0851345065478693
42,2012.0,0.8702909840189297,0.1280209561516956
42,2013.0,0.8731103769578644,0.17083722989298997
42,2014.0,0.8838422207690954,0.1701828654617729
42,2015.0,0.8873461843714404,0.2730467251593623
33,1974.0,0.8834624876225708,0.2311198393719031
33,1975.0,0.8802779426199542,0.2374181654551312
33,1976.0,0.8754102347610628,0.235542006253571
33,1977.0,0.8678109021234993,0.21443707899078726
33,1978.0,0.8593037221922429,0.22191503976299692
33,1979.0,0.8494564669867138,0.20948424597060605
33,1980.0,0.8484240297849568,0.19269726190888203
33,1981.0,0.8533864341406577,0.18023167003966814
33,1982.0,0.857106752919643,0.1876789869933225
33,1983.0,0.8524605489045285,0.19818315230795389
33,1984.0,0.8449775322098486,0.21210849425573536
33,1985.0,0.8409812897894621,0.22853204902649196
33,1986.0,0.8323378502642844,0.24224831799265795
33,1987.0,0.8252740820011889,0.23460848786803826
33,1988.0,0.8237143467524534,0.23909786898644414
33,1989.0,0.8213060369414023,0.23164680803990764
33,1990.0,0.8177564500365878,0.22777063970507633
33,1991.0,0.8203106560496629,0.21190890631320267
33,1992.0,0.8286137522917144,0.22233091101431748
33,1993.0,0.8270322066567432,0.21283646131714562
33,1994.0,0.8274391964217368,0.21821626133892305
33,1955.0,0.8689831843587249,0.17336480376830127
33,1956.0,0.8689831843587249,0.17336480376830127
33,1957.0,0.8689831843587249,0.17336480376830127
33,1958.0,0.8689831843587249,0.17336480376830127
33,1959.0,0.8689831843587249,0.17336480376830127
33,1960.0,0.8689831843587249,0.17336480376830127
33,1961.0,0.8689831843587249,0.17336480376830127
33,1962.0,0.8689831843587249,0.17336480376830127
33,1963.0,0.8689831843587249,0.17336480376830127
33,1964.0,0.8689831843587249,0.17336480376830127
33,1965.0,0.8689831843587249,0.17336480376830127
33,1966.0,0.8689831843587249,0.17336480376830127
33,1967.0,0.8689831843587249,0.17336480376830127
33,1968.0,0.8689831843587249,0.17336480376830127
33,1969.0,0.8689831843587249,0.17336480376830127
33,1970.0,0.8798289785225436,0.1649859623433175
33,1971.0,0.8791576410313741,0.22717334728704244
33,1972.0,0.8783892262133577,0.2528869555251972
33,1973.0,0.8798158234440161,0.2286851668517824
33,1995.0,0.8275335234621453,0.2069593655955096
33,1996.0,0.8277340762743378,0.20908914684562646
33,1997.0,0.8268699034307782,0.21178883736073179
33,1998.0,0.8294037683242218,0.21182663532278465
33,1999.0,0.8345443597821881,0.21742184914712967
33,2000.0,0.8339806375450262,0.22502117758618548
33,2001.0,0.8288689144169148,0.23052223911579614
33,2002.0,0.8222307987748574,0.2291862979870838
33,2003.0,0.8188175782926469,0.22161290040600012
51,1989.0,0.8050017316042704,0.19412118692310926
51,1990.0,0.7933393777758162,0.21942731450993877
51,1991.0,0.7845829342796761,0.22445718287873653
51,1992.0,0.7935983991020731,0.22361993080145312
51,1993.0,0.8003341477705495,0.21030935426097985
51,1994.0,0.7978028959986329,0.18677520743212425
33,2004.0,0.8131976249931007,0.20331032099402635
33,2005.0,0.810338862565452,0.1981711955892103
33,2006.0,0.8091715260829703,0.1722081598439423
33,2007.0,0.8087140356664679,0.17383099609142877
33,2008.0,0.8129822775145216,0.17197300148334255
33,2009.0,0.8193499357094762,0.1652699029019353
33,2010.0,0.8234107137668283,0.18123866210836578
53,1974.0,0.8509407230533771,0.1300006392545368
53,1975.0,0.8499573907475588,0.14583991877334984
53,1976.0,0.8417822092926653,0.20864818300869203
53,1978.0,0.8416475634896919,0.2830808339184047
53,1979.0,0.8115686285962856,0.31104920140255127
53,1980.0,0.7993391765703358,0.3361692775983489
53,1981.0,0.7964124741519131,0.2732494201934778
53,1982.0,0.7728777299007711,0.23720359777254332
53,1983.0,0.7821001092455263,0.2294077912445396
53,1984.0,0.8256367377404833,0.18687302828313662
53,1985.0,0.8390515714819107,0.14197028922561922
53,1986.0,0.8546193213175562,0.17001922644045012
53,1987.0,0.8667868297169781,0.1834921764852716
53,1988.0,0.8751570868978792,0.1694093093865882
56,1970.0,0.9105258812164853,0.14351487931060766
56,1971.0,0.9077147901149256,0.15109645793290824
56,1972.0,0.8966012032047899,0.06618450525347332
56,1973.0,0.895916392688873,0.05778639686873121
56,1974.0,0.8888292099553253,0.09748413491604403
56,1975.0,0.8895927424554262,0.12553358658037186
56,1976.0,0.8912194224493748,0.13286748613675103
56,1977.0,0.8937337051998385,0.14670316988081167
56,1978.0,0.8906749293573648,0.19079611330796822
56,1979.0,0.8897231124450362,0.20952983716169737
56,1980.0,0.8864564558089222,0.2610671566011162
56,1981.0,0.8810624953917542,0.31702328479481856
56,1982.0,0.8811568809412019,0.2707291330424402
56,1983.0,0.8771836921596676,0.2305855637768227
56,1984.0,0.8682404744844342,0.21118273533136167
56,1985.0,0.8686220946708821,0.18868340177849624
56,1986.0,0.8668805588777221,0.150066724376499
56,1987.0,0.8693787014212295,0.12992416866156506
56,1988.0,0.8721339226888198,0.14535292350580895
56,1989.0,0.8784114007990095,0.08570456930007045
56,1990.0,0.8837988856426074,0.07773984535557606
56,1991.0,0.8886883554338847,0.06648430194701335
56,1992.0,0.8847330498205457,0.07337620083313394
56,1993.0,0.8871189665004245,0.07583615978548565
56,1994.0,0.8921368920038386,0.09060935444445636
56,1995.0,0.89391140934335,0.06884329749450589
56,1996.0,0.8899011609741917,0.09557808597836011
56,1997.0,0.8884375369723179,0.0968420659729369
56,1998.0,0.8807718116142679,0.07778505079221944
56,1999.0,0.87540149532546,0.08552058021308906
56,2000.0,0.8640056934856477,0.10900729844743229
56,2001.0,0.8556163656821977,0.10411147421136807
32,1962.0,0.9138591341002208,0.11539188088106457
32,1963.0,0.9138591341002208,0.11539188088106457
32,1964.0,0.9138591341002208,0.11539188088106457
32,1965.0,0.9138591341002208,0.11539188088106457
32,1966.0,0.9138591341002208,0.11539188088106457
32,1967.0,0.9138591341002208,0.11539188088106457
32,1968.0,0.9138591341002208,0.11539188088106457
32,1969.0,0.9138591341002208,0.11539188088106457
32,1970.0,0.9325162476250145,0.09302659480354823
32,1971.0,0.9213000703199187,0.15756745181785747
32,1972.0,0.906298744865703,0.27935872794873545
32,1973.0,0.8896021018094669,0.25233192239685803
32,1974.0,0.8937472006102034,0.23944567326942334
32,1975.0,0.889850640340375,0.21505851655303204
32,1976.0,0.8887460558270179,0.18498843559174302
32,1977.0,0.8869751243494938,0.1425800725612369
32,1978.0,0.8867842416756764,0.12097084424152918
32,1979.0,0.8858843707479582,0.12850768559109815
32,1980.0,0.8759446415014663,0.13119945498244925
32,1981.0,0.8721386235603926,0.17415502527972349
32,1982.0,0.8695455152737606,0.1551012253201728
32,1983.0,0.8677064251673666,0.17644389751014286
32,1984.0,0.8564513259752895,0.17408041260382343
32,1985.0,0.8624013711938004,0.17956246809075482
32,1986.0,0.863485974994288,0.16474913049549222
32,1987.0,0.8576833970201095,0.17186627805884838
32,1988.0,0.8526494828933093,0.18648718072278148
32,1989.0,0.8536798614726521,0.19565862472013196
48,1983.0,0.8347790935525093,0.05870585416862476
32,1990.0,0.850055369778047,0.1688914617167791
32,1991.0,0.854964370713186,0.16428323265464245
32,1992.0,0.8586403596983226,0.1862810676398566
32,1993.0,0.8628880478297759,0.17424427865899092
32,1994.0,0.8583971171173105,0.15856646421118128
32,1995.0,0.8593934354822206,0.1616429104139004
32,1996.0,0.8557401478062995,0.18005629519357855
32,1997.0,0.8607391148407085,0.184762962729557
32,1998.0,0.8602750644914027,0.1590901332365229
32,1999.0,0.8588720116054789,0.16253713539680162
32,2000.0,0.8360701757036462,0.1863696804432416
32,2001.0,0.8231955092378812,0.17196836018457587
32,2002.0,0.8144630193377208,0.16624934461228785
32,2003.0,0.8113676501314675,0.15980064841526892
32,2004.0,0.8065786458559054,0.15704291453146466
32,2005.0,0.8092448928230785,0.16340411240977487
32,2006.0,0.7971290388610663,0.16500732779235225
32,2007.0,0.7902629869230597,0.1782021998283841
51,1985.0,0.8182946857056004,0.18841890285860494
51,1986.0,0.8202422575813758,0.19139674798325307
51,1987.0,0.8119996356004552,0.18507956026292074
51,1995.0,0.7972094667796711,0.17328569412533862
51,1996.0,0.7886781709894933,0.1550183250508529
51,1997.0,0.7768184553205193,0.14289828139948094
51,1998.0,0.7769139418419445,0.13226570832769036
51,1999.0,0.7774009285473471,0.15623365699103897
51,2000.0,0.7690041442532667,0.16115906148274511
51,2002.0,0.7462628254411581,0.18792524743778305
51,2003.0,0.7344278357275479,0.24083555627299025
42,1955.0,0.8745521092043128,0.11233984250342527
42,1956.0,0.8745521092043128,0.11233984250342527
42,1957.0,0.8745521092043128,0.11233984250342527
42,1958.0,0.8745521092043128,0.11233984250342527
42,1959.0,0.8745521092043128,0.11233984250342527
42,1960.0,0.8745521092043128,0.11233984250342527
42,1961.0,0.8745521092043128,0.11233984250342527
42,1962.0,0.8745521092043128,0.11233984250342527
42,1963.0,0.8745521092043128,0.11233984250342527
42,1964.0,0.8745521092043128,0.11233984250342527
48,1955.0,0.8586723354208576,0.15837976935641612
48,1956.0,0.8586723354208576,0.15837976935641612
48,1957.0,0.8586723354208576,0.15837976935641612
48,1958.0,0.8586723354208576,0.15837976935641612
48,1959.0,0.8586723354208576,0.15837976935641612
48,1963.0,0.8586723354208576,0.15837976935641612
48,1964.0,0.8586723354208576,0.15837976935641612
48,1965.0,0.8586723354208576,0.15837976935641612
48,1966.0,0.8586723354208576,0.15837976935641612
48,1967.0,0.8586723354208576,0.15837976935641612
48,1968.0,0.8586723354208576,0.15837976935641612
48,1969.0,0.8586723354208576,0.15837976935641612
48,1970.0,0.8364682556441787,0.19616291546659878
48,1971.0,0.850452082705824,0.23453293174483636
48,1972.0,0.8496941351094845,0.204725957447368
48,1973.0,0.8386503343466041,0.21134251848972227
48,1974.0,0.8233394869803435,0.21004933450811922
48,1975.0,0.8169304897484557,0.23613501871934628
48,1976.0,0.8024392119401011,0.2630884108742678
48,1977.0,0.8099239688606692,0.25414015114499944
48,1978.0,0.8115816537316826,0.2928625611100755
48,1979.0,0.8111864525965082,0.27357786065421796
48,2003.0,0.8535135320485254,0.1249944675456884
48,2004.0,0.851953134885559,0.11817772647379024
48,2005.0,0.8420985669658105,0.11615115341168836
48,2006.0,0.8249769262590357,0.13806199533873006
48,2007.0,0.8173659918177267,0.1284968226991603
48,2008.0,0.8062535602438442,0.1440738576070356
48,2009.0,0.804048231625489,0.15902609786328847
48,2010.0,0.8023430436374533,0.1613677385949287
48,2011.0,0.820081264454831,0.09602957735585951
48,2012.0,0.8333347223242348,0.07680675700584566
48,2013.0,0.8403491405756313,0.08938001651228374
48,2014.0,0.8455447259118811,0.09514032484412858
48,2015.0,0.8490636582465021,0.09414028832044931
48,2016.0,0.8462559115890784,0.0954255466583087
51,1982.0,0.8132382974107747,0.24701131532402118
51,1983.0,0.8132254522412066,0.22138174753346374
54,1982.0,0.8260820166728858,0.17857679062407392
33,2011.0,0.8269501606853628,0.21205248213529404
33,2012.0,0.8332656658805048,0.20754368197181364
33,2013.0,0.8358651188661383,0.2269931218773781
33,2014.0,0.8369419009606797,0.24464381888107173
33,2015.0,0.837937391854639,0.24340150435142335
33,2016.0,0.8423398763373746,0.24861254901025662
54,1981.0,0.820259100372966,0.14581650149856173
54,1983.0,0.83280592364712,0.19107914123193315
54,1984.0,0.8501876446381625,0.19461237451708127
54,1985.0,0.8607855752277142,0.18788755340027474
54,1986.0,0.8551475791515173,0.2129246869658965
54,1987.0,0.8534676701172379,0.220474786029989
54,1988.0,0.8436688335852991,0.21482997167170734
54,1989.0,0.8267947753314038,0.19488093139402263
54,1990.0,0.8190057884141009,0.18077419011207949
54,1991.0,0.8147658851192764,0.1613717426850885
54,1992.0,0.805776288726262,0.16866721783606176
54,1993.0,0.8021891683079748,0.17708554285901815
32,1960.0,0.9138591341002208,0.11539188088106457
32,1961.0,0.9138591341002208,0.11539188088106457
23,1971.0,0.8695786367694622,0.0926433736316541
23,1972.0,0.8909430728307787,0.07632048435621126
23,1973.0,0.9072288518437341,0.08070602066273999
23,1974.0,0.9202178328966036,0.0820281240362707
23,1975.0,0.9271817962275599,0.14070886826672901
23,1976.0,0.9177569012651097,0.1354345341984448
23,1977.0,0.9143443493315228,0.15000083872334474
23,1978.0,0.9026685997984597,0.1385716158931568
23,1979.0,0.8777054520227374,0.1253201629553158
23,1980.0,0.8707029265386144,0.117230159438003
51,1981.0,0.8140957000886528,0.2560849533868384
51,1984.0,0.8159990489940114,0.20190476432226956
81,1965.0,0.7030398433436373,0.05677696383480751
81,1966.0,0.7030398433436373,0.05677696383480751
81,1967.0,0.7030398433436373,0.05677696383480751
81,1968.0,0.7030398433436373,0.05677696383480751
81,1969.0,0.7030398433436373,0.05677696383480751
81,1970.0,0.7593817165282483,0.07227903841848582
81,1971.0,0.8120032941750371,0.07913704439614425
81,1972.0,0.9070189725736643,0.09018053381115118
81,1973.0,0.8965269926693604,0.14269691940825788
81,1974.0,0.8514744191423074,0.26293248867259944
81,1975.0,0.8335290734297246,0.18049640917873813
81,1976.0,0.8327671770304529,0.13434309007597198
81,1977.0,0.8559434300379152,0.024527221656557584
81,1978.0,0.8712707854825174,-0.05005376297514374
81,1979.0,0.9032171646322057,-0.07407552473041376
81,1980.0,0.9236183480249016,-0.057340075362859
81,1981.0,0.940033316009002,0.03938129058323269
81,1982.0,0.9660817267494887,0.06962184363486204
81,1983.0,0.9395678660262019,0.17092759841691743
71,1974.0,0.9031541066802597,0.19299092890461766
71,1975.0,0.9031460695236243,0.19189675234281345
71,1976.0,0.8978718680454412,0.3958780608797225
71,1977.0,0.9004545136696573,0.10176950926983606
71,1978.0,0.9093390687890466,0.0931315994421162
71,1979.0,0.8976741293174593,0.08429109249207523
71,1980.0,0.9217155804479268,0.05668494058331013
71,1981.0,0.96381570426507,0.04881961927963928
71,1982.0,0.9786372592306583,0.058743094367590835
71,1983.0,1.0085763367294227,0.012330579926523736
71,1984.0,1.0227764140593902,0.03178530236120724
71,1985.0,0.9202911667773982,0.05582956304199793
71,1986.0,0.948244669646372,-0.02349693746380778
54,1980.0,0.818059681291786,0.15150421489390123
54,1994.0,0.7990765972187381,0.17026527060552116
54,1995.0,0.7965781479935324,0.18554051679426808
54,1996.0,0.7986823699787557,0.19469138798319632
54,1997.0,0.8064748888051158,0.20265760151911144
52,1981.0,0.8393438777057152,0.025211039149701162
52,1982.0,0.8526673559585948,0.06782636806937685
52,1983.0,0.8429857181819557,0.10911281213543134
52,1984.0,0.8761313800156161,0.1404085436251677
52,1985.0,0.8760360713871443,0.1435757003482064
52,1986.0,0.8718720952584935,0.1441794601170263
52,1987.0,0.8550799253185671,0.13532585310437129
52,1988.0,0.8629433494831349,0.10974069883349803
52,1989.0,0.8427877716159611,0.05629817934993492
52,1990.0,0.8324563947650887,0.07848859323753044
52,1991.0,0.8369783416346886,0.056748264254916386
52,1992.0,0.8460133901284301,0.08079364434393058
52,1993.0,0.8373721185255159,0.07637308397884045
52,1994.0,0.8362086549207294,0.1356046628145373
52,1995.0,0.8376180071860976,0.12191598085385384
52,1996.0,0.8347388394689467,0.10391248629526692
52,1997.0,0.8503314261989235,0.09035434225508328
52,1998.0,0.8577390310033747,0.07689359492960184
52,1999.0,0.8558587352703209,0.08659807565302083
52,2000.0,0.856233251930891,0.06457537851824488
52,2001.0,0.8500339322272568,0.08419773024893915
52,2002.0,0.8322289889498057,0.12273578739079732
52,2003.0,0.8199893340958875,0.15327022230124013
52,2004.0,0.8161842392943479,0.13914613597732167
52,2005.0,0.806955694003782,0.17100874622738818
52,2006.0,0.806972202961968,0.17988149780048532
52,2007.0,0.7984807533228239,0.15938766731377563
52,2008.0,0.8036087295547387,0.1896922602320704
52,2009.0,0.8017187949684631,0.1548094510612072
52,2010.0,0.8010049340419951,0.23103280665009973
52,2011.0,0.7873801810828922,0.1993055566962955
52,2012.0,0.791315471947534,0.21313260982357615
52,2013.0,0.7983486734613643,0.1694961595372748
52,2014.0,0.797508398999314,0.1958869794039114
52,2015.0,0.7973921061634481,0.12870155978418565
52,2016.0,0.8097719440484746,0.15538449307020374
54,1977.0,0.8534869494560511,0.10658029382062562
54,1978.0,0.8475573449531825,0.1300894638025196
54,1979.0,0.8317247489211645,0.14357024884434483
54,1998.0,0.8131524513732491,0.18287905061013748
54,1999.0,0.8088954915197509,0.23120984375498965
54,2000.0,0.801496535048704,0.25109688924190837
54,2001.0,0.7928893583949068,0.25228286520776394
54,2002.0,0.7769486706309909,0.26572689426734253
54,2003.0,0.7640951537074359,0.2938157423269735
54,2004.0,0.7663342903322344,0.2623739346512407
54,2005.0,0.7585536487647065,0.2621936231256994
54,2006.0,0.7474736530274347,0.2556780276751614
54,2007.0,0.7315963689929931,0.2224382667370284
54,2008.0,0.7185397030168467,0.2275148317157509
54,2009.0,0.6981305580254463,0.20366270099737196
54,2010.0,0.6913261445396525,0.16346443547867628
44,1973.0,0.8581832976020753,0.0569397567871284
44,1974.0,0.8491031735091005,0.06726508448020775
44,1975.0,0.8418061681185846,0.1051804879468218
44,1976.0,0.8352670967561513,0.08921536664494623
44,1977.0,0.8341690086479927,0.11350351641665754
44,1978.0,0.8299249604812731,0.1451703024951762
44,1979.0,0.8199638885305659,0.1840980372006144
44,1980.0,0.8247206323538849,0.13772330283422257
44,1981.0,0.8220615686830539,0.15776202463567804
44,1990.0,0.8114924421245879,0.15581530393758122
44,1991.0,0.8130053984832153,0.1753664613651872
72,1977.0,0.873753231989446,0.1251943616955015
72,1978.0,0.8794392271641484,0.12865512468146761
72,1979.0,0.8773666767026466,0.14424646647774916
72,1980.0,0.8814186221166138,0.14333094229623797
72,1981.0,0.8944468023664682,0.12825704571038007
72,1982.0,0.8919267304460308,0.12710663866431407
81,1984.0,0.9145630738895426,0.18262699665810767
81,1985.0,0.8910319059676898,0.06265729567892749
81,1986.0,0.8824350501814894,0.025841876383163216
81,1987.0,0.8602026049237073,0.18457961812157234
81,1988.0,0.8334566540466049,0.2067010837155942
81,1989.0,0.8271750146078586,0.21602046086176324
81,1990.0,0.7872320333928857,0.2726807600784205
81,1991.0,0.7481589192307202,0.3045958463248081
81,1992.0,0.7167577992888977,0.19543191041087757
81,1993.0,0.7511086904247183,0.1778282142135681
81,1994.0,0.7791832233061653,0.146219966930791
81,1995.0,0.8156877155130421,0.0689962297653724
81,1996.0,0.8360727445121969,0.05156639968601677
81,1997.0,0.8508247696315354,0.05121850533560006
42,2016.0,0.8857407132090522,0.289941369806657
53,1998.0,0.8330021724622573,0.17828557590543603
53,2000.0,0.8300222791689368,0.23474742939274681
53,2001.0,0.8362357907457134,0.21549117567410922
53,2002.0,0.8355033812411913,0.19320280520444544
53,2003.0,0.827316674837207,0.22954781058458376
53,2004.0,0.8158774095485886,0.2454067541904451
53,2005.0,0.8182368209862351,0.23877190138051702
53,2006.0,0.8203017575539443,0.21398633134273443
53,2007.0,0.818874491384575,0.34155970435497646
53,2008.0,0.8179537266739043,0.24667310347436258
53,2009.0,0.8301857728309829,0.2560404566793728
53,2010.0,0.8347013137505829,0.2544830228781161
53,2016.0,0.8597742374202234,0.024970263183280522
52,1972.0,0.8970436659137588,0.1353705275465576
52,1973.0,0.9083929586340048,0.1715062791902681
52,1975.0,0.9059553790323208,0.10442404250268918
52,1976.0,0.914909112531021,0.10126167131084322
52,1977.0,0.9098313738760241,0.10985447563974703
52,1978.0,0.9068040304675926,0.09007790542700905
52,1979.0,0.8879336851967594,-0.03385572879000967
52,1980.0,0.8647030500438835,-0.017593573933388666
51,1988.0,0.8108328450450278,0.18829093520351237
51,2001.0,0.7548884525927608,0.17542639379339858
51,2004.0,0.7279940136520509,0.2646251074417449
51,2005.0,0.726677104178703,0.24207894367083993
51,2006.0,0.7405609348818294,0.21788283103325398
51,2007.0,0.7476563497868433,0.22039990281541794
51,1961.0,0.7934400168732043,0.1543346117621806
51,1966.0,0.7934400168732043,0.1543346117621806
51,1967.0,0.7934400168732043,0.1543346117621806
51,1968.0,0.7934400168732043,0.1543346117621806
51,1969.0,0.7934400168732043,0.1543346117621806
51,1970.0,0.8053663460823381,0.1482352162316737
51,1971.0,0.8139693332038695,0.1857965789350332
51,1972.0,0.8163088216330654,0.24122905525103908
51,1973.0,0.8149747787156091,0.2284303434716229
51,1974.0,0.827761059496547,0.19618716043346923
51,1975.0,0.8319164202318734,0.21967981534200315
51,1976.0,0.828050237608196,0.21304215724612885
51,1977.0,0.8248101098350566,0.2214303733686431
51,1978.0,0.8196295813645867,0.2201806214355171
51,1979.0,0.815672655517642,0.2520328376758155
51,1980.0,0.8114489146184299,0.26148439200126744
31,1955.0,0.8481945190623362,0.18250818544818084
31,1956.0,0.8481945190623362,0.18250818544818084
31,1957.0,0.8481945190623362,0.18250818544818084
31,1958.0,0.8481945190623362,0.18250818544818084
31,1959.0,0.8481945190623362,0.18250818544818084
31,1960.0,0.8481945190623362,0.18250818544818084
31,1961.0,0.8481945190623362,0.18250818544818084
31,1962.0,0.8481945190623362,0.18250818544818084
31,1963.0,0.8481945190623362,0.18250818544818084
31,1964.0,0.8481945190623362,0.18250818544818084
31,1965.0,0.8481945190623362,0.18250818544818084
31,1966.0,0.8481945190623362,0.18250818544818084
31,1967.0,0.8481945190623362,0.18250818544818084
31,1968.0,0.8481945190623362,0.18250818544818084
31,1969.0,0.8481945190623362,0.18250818544818084
31,1970.0,0.867289452347179,0.1603385198921777
31,1971.0,0.869179863283587,0.16493618971434418
31,1972.0,0.8712333961533952,0.20035769795370123
31,1973.0,0.8834111715702623,0.1758733526760804
31,1974.0,0.8947650865583925,0.1510554720078034
31,1975.0,0.9037889620171777,0.14296898394858484
31,1976.0,0.9082718320882394,0.11448380842627101
31,1977.0,0.9096774164387019,0.08363610813034493
31,1978.0,0.9061992895376975,0.09659333712925532
31,1979.0,0.9041767840112638,0.09614804443990603
31,1980.0,0.9033642135010653,0.08849167191145853
31,1981.0,0.9010280540375191,0.07278407054010576
31,1982.0,0.9029038329478855,0.06013041125456103
31,1983.0,0.906127596529848,0.08254919890795943
31,1984.0,0.9065444222944201,0.08934461919571657
31,1985.0,0.9024477535714223,0.10705002703818868
31,1986.0,0.9003504989580263,0.11533474290305641
31,1987.0,0.8952748321708495,0.11127127132581682
51,1964.0,0.7934400168732043,0.1543346117621806
51,1965.0,0.7934400168732043,0.1543346117621806
53,1989.0,0.8606785664121376,0.15601520097114996
53,1990.0,0.8743087653468257,0.13977907280545132
21,1970.0,0.8118534213868873,0.27140289344085733
21,1971.0,0.8222638445145843,0.3163707859076115
21,1972.0,0.814161993638578,0.09607218662590894
21,1973.0,0.7943617512167488,0.1117355269500273
21,1974.0,0.7730367545449761,0.13661862368580083
21,1975.0,0.7609898506670576,0.15206769267507803
21,1976.0,0.7521099083010588,0.14272898549487323
21,1977.0,0.7328371055364616,0.2849853957745046
21,1978.0,0.7107517437672111,0.31351503429307737
21,1979.0,0.6976543459990863,0.30085411622296776
21,1980.0,0.6794753572254643,0.35184731835519123
21,1981.0,0.6680456325559511,0.3244751718164307
21,1982.0,0.664841342990105,0.31034230747458097
21,1983.0,0.6858386824167254,0.30718194029688556
21,1984.0,0.7201406249103973,0.28898123166144973
52,1963.0,0.9691062043411843,0.005161402790127219
52,1964.0,0.9691062043411843,0.005161402790127219
52,1965.0,0.9691062043411843,0.005161402790127219
52,1966.0,0.9691062043411843,0.005161402790127219
52,1967.0,0.9691062043411843,0.005161402790127219
52,1968.0,0.9691062043411843,0.005161402790127219
52,1969.0,0.9691062043411843,0.005161402790127219
52,1970.0,0.9384658015983957,0.12080599207181641
52,1971.0,0.9216528531612094,0.1483466110597392
52,1974.0,0.9065328200274473,0.06978316838827862
54,1973.0,0.8840814589127158,-0.022633625375531635
54,1974.0,0.8876439597357582,0.07830689358167188
54,1975.0,0.8808483434911956,0.08091128553690123
54,1976.0,0.8692925450196698,0.080418319545038
21,1985.0,0.7294677131393772,0.2376216725463137
21,1986.0,0.7716231815889888,0.22958589211534194
21,1987.0,0.7947631381488652,0.21807605611664077
21,1988.0,0.7848164667447609,0.2373173643211633
99,1989.0,0.859325026845157,0.2146564240476531
99,1990.0,0.8665902971939,0.20377014063849716
99,1991.0,0.871884662808775,0.21570762963073595
99,1992.0,0.8796498511214963,0.16749674637674206
99,1993.0,0.8944437715627506,0.12912911590658369
21,1991.0,0.736437875771267,0.26410698948307043
21,1992.0,0.751040310927072,0.2391487131556809
21,1993.0,0.7520654931415761,0.20585996371600163
21,1994.0,0.7394785549446737,0.23400131361892176
21,1995.0,0.7386339963289932,0.27873767809865824
21,1996.0,0.7574551785278584,0.2764087035069798
21,1997.0,0.7304386837935387,0.31280272504701134
21,1998.0,0.6941747415762236,0.370673067761509
21,1999.0,0.6955083709031179,0.38279142917038955
21,2000.0,0.6978943427348928,0.3268397075640012
21,2001.0,0.6683901812326651,0.383880224436888
21,2002.0,0.6706052245755265,0.36207331056459446
21,2003.0,0.6943481754620611,0.3013513890971839
21,2004.0,0.7084905397599122,0.2455069874158052
21,2005.0,0.7131540801625604,0.23794860195876905
21,2006.0,0.7295128215587631,0.24228820510941032
21,2007.0,0.7558010717672858,0.28019221415871487
21,2008.0,0.7743029795888537,0.2966614704791054
21,2009.0,0.7854008621505454,0.33611591073151575
21,2010.0,0.8007081503140371,0.3509939989016838
21,2011.0,0.7914428013708692,0.37677004506481193
21,2012.0,0.7852006864457537,0.4287032988736592
21,2013.0,0.8356956911029313,0.45206831756675203
21,2014.0,0.8446816262475392,0.49103950068944807
21,2015.0,0.8510416410239193,0.5076376185667276
21,2016.0,0.9115561425278893,0.5379024254201066
54,1964.0,0.9100227237709929,0.053027007089311795
54,1969.0,0.9100227237709929,0.053027007089311795
31,1988.0,0.8949207371247986,0.10247007923868832
31,1989.0,0.8925387593525116,0.09074421060925733
31,1990.0,0.9001067794564175,0.05218886162124433
31,1991.0,0.9033246998978894,0.04718486423579798
31,1992.0,0.8993685860949561,0.08196101735457607
31,1993.0,0.8912286832917091,0.07963446111287717
48,1980.0,0.8218015006966222,0.22587738016503106
48,1981.0,0.8269513253451973,0.17528420574050288
48,1982.0,0.8264089642100898,0.14691736955018456
48,1984.0,0.8466645000908009,0.04884768438215964
48,1985.0,0.8473029817821608,0.03328931684761052
48,1986.0,0.8494152535595476,0.05670422962348049
48,1987.0,0.8481539215600217,0.06436995851743978
48,1988.0,0.8490206168455761,0.06997952818697288
48,1989.0,0.8474614553123782,0.06805740349116275
48,1990.0,0.8567568335340578,0.07227618643769357
48,1991.0,0.8646698377909366,0.08282909650381572
48,1992.0,0.8706807824332037,0.06289603196781962
48,1993.0,0.8688288279058299,0.07925906650935395
48,1994.0,0.8719639883821422,0.08502689201516803
48,1995.0,0.8719388347824616,0.08200444375081738
48,1996.0,0.8826208988817713,0.08398708421845374
48,1997.0,0.8845603034437602,0.10531586035461567
48,1998.0,0.8876937248213222,0.104585397053959
32,1955.0,0.9138591341002208,0.11539188088106457
32,1956.0,0.9138591341002208,0.11539188088106457
32,1957.0,0.9138591341002208,0.11539188088106457
32,1958.0,0.9138591341002208,0.11539188088106457
32,1959.0,0.9138591341002208,0.11539188088106457
32,2008.0,0.7888369769203892,0.19875927822361
32,2009.0,0.785740839107595,0.21021604691630832
32,2010.0,0.7883379645841438,0.2037933012665476
32,2011.0,0.8039114632849765,0.22079073909983998
32,2012.0,0.807614010718146,0.2160358333130383
32,2013.0,0.8089269562794774,0.26240957604220577
32,2014.0,0.8161673274553087,0.2711827540288532
32,2015.0,0.8234317189365383,0.25988440735403573
32,2016.0,0.8224810921105784,0.26730376426247676
49,1982.0,0.8264089642100898,0.14691736955018456
49,1983.0,0.8347790935525093,0.05870585416862476
49,1984.0,0.8466645000908009,0.04884768438215964
49,1985.0,0.8473029817821608,0.03328931684761052
49,1986.0,0.8494152535595476,0.05670422962348049
49,1987.0,0.8481539215600217,0.06436995851743978
49,1988.0,0.8490206168455761,0.06997952818697288
49,1989.0,0.8474614553123782,0.06805740349116275
49,1990.0,0.8567568335340578,0.07227618643769357
49,1991.0,0.8646698377909366,0.08282909650381572
49,1992.0,0.8706807824332037,0.06289603196781962
49,1993.0,0.8688288279058299,0.07925906650935395
49,1994.0,0.8719639883821422,0.08502689201516803
49,1995.0,0.8719388347824616,0.08200444375081738
49,1996.0,0.8826208988817713,0.08398708421845374
49,1997.0,0.8845603034437602,0.10531586035461567
49,1998.0,0.8876937248213222,0.104585397053959
49,1999.0,0.8789614043093922,0.11552710815048603
49,2000.0,0.8784867123011328,0.1267616719265723
49,2001.0,0.8619954254637089,0.14109591146375017
49,2002.0,0.8525461518528108,0.14951174567532907
49,2003.0,0.8535135320485254,0.1249944675456884
49,2004.0,0.851953134885559,0.11817772647379024
49,2005.0,0.8420985669658105,0.11615115341168836
49,2006.0,0.8249769262590357,0.13806199533873006
49,2007.0,0.8173659918177267,0.1284968226991603
49,2008.0,0.8062535602438442,0.1440738576070356
49,2009.0,0.804048231625489,0.15902609786328847
49,2010.0,0.8023430436374533,0.1613677385949287
49,2011.0,0.820081264454831,0.09602957735585951
49,2012.0,0.8333347223242348,0.07680675700584566
49,2013.0,0.8403491405756313,0.08938001651228374
49,2014.0,0.8455447259118811,0.09514032484412858
49,2015.0,0.8490636582465021,0.09414028832044931
21,1967.0,0.7999855085099241,0.2409378826832126
21,1968.0,0.7999855085099241,0.2409378826832126
21,1989.0,0.7667975092298215,0.22744553311233234
21,1990.0,0.7577843733387729,0.25064758185293934
22,1980.0,0.8297014579074978,0.3734269049473849
22,1981.0,0.8543976691034624,0.5582099686565742
22,1982.0,0.8557304112465546,0.6422753106319175
22,1983.0,0.8802635025485698,0.6772944861418394
22,1984.0,0.8809973952677193,0.6716871897217801
22,1994.0,0.7919043347135962,0.13065872702853346
22,1995.0,0.7988254809891071,0.15664550651954906
22,1996.0,0.8002928468874249,0.18050748223275237
22,1997.0,0.8227737619659318,0.17498060283211278
22,1998.0,0.8475135209709436,0.11760252326347867
22,1999.0,0.8321595610309126,0.19494199145612684
22,2000.0,0.8201240124345733,0.14495775907622233
22,2001.0,0.810895506030689,0.16304124033150288
22,2002.0,0.8272887830549308,0.11754215138333103
22,2003.0,0.8262113897068826,0.11562989115445171
22,2004.0,0.868574359645303,0.056250040302010376
22,2005.0,0.8704786085887151,0.07053514138191143
22,2006.0,0.8607650840652993,0.03486490135907314
22,2007.0,0.8503092778862262,0.1166596082955818
22,2008.0,0.8380791031480378,0.07284060440325589
22,2009.0,0.8105540823778336,0.0828286581051309
22,2010.0,0.7959070059517552,0.0453890716260689
22,2013.0,0.7635539868413157,0.26029860505075025
22,2014.0,0.7577819596480451,0.5914166473560535
22,2015.0,0.76019698600189,0.6263058543000128
22,2016.0,0.7710321695812374,0.60550708895603
48,1960.0,0.8586723354208576,0.15837976935641612
48,1961.0,0.8586723354208576,0.15837976935641612
48,1962.0,0.8586723354208576,0.15837976935641612
48,2001.0,0.8619954254637089,0.14109591146375017
48,2002.0,0.8525461518528108,0.14951174567532907
53,1992.0,0.8800499659683075,0.11822936212040844
31,1994.0,0.8865758485241598,0.10019437590579101
31,1995.0,0.8811878908011436,0.09615560935134908
31,1996.0,0.8794378391945824,0.10315380940764095
31,1997.0,0.8788778520090079,0.09582459816172029
31,1998.0,0.8832193255345759,0.10034157140833833
44,1961.0,0.8871726098433192,0.1176637326235073
44,1962.0,0.8871726098433192,0.1176637326235073
44,1963.0,0.8871726098433192,0.1176637326235073
44,1964.0,0.8871726098433192,0.1176637326235073
44,1965.0,0.8871726098433192,0.1176637326235073
44,1966.0,0.8871726098433192,0.1176637326235073
44,1967.0,0.8871726098433192,0.1176637326235073
44,1968.0,0.8871726098433192,0.1176637326235073
44,1969.0,0.8871726098433192,0.1176637326235073
44,1970.0,0.8980293128146326,0.12876982437641157
44,1971.0,0.8895584233629723,0.1101877422274074
44,1972.0,0.8739130624639962,0.085087994367457
44,1992.0,0.8112256919178747,0.18050284419714854
44,1993.0,0.8086227962690142,0.16742269544684218
44,1994.0,0.800390037692789,0.15059086368476682
44,1995.0,0.7924159179732361,0.15296782736421627
44,1996.0,0.7840432597276982,0.16493296608502983
44,1997.0,0.7812784445222474,0.15273891110121346
44,1998.0,0.7829477127809975,0.15154832637947777
44,1999.0,0.7865477283187156,0.1555627072494945
44,2000.0,0.7944290407770576,0.15073730039202993
44,2001.0,0.8029228241024966,0.15065143050070862
44,2002.0,0.8112150324310238,0.15457621948344996
44,2003.0,0.8191789667439536,0.14285520618098632
44,2004.0,0.8166644243254746,0.13970167042496295
44,2005.0,0.8132901131060422,0.19631357105793906
48,1999.0,0.8789614043093922,0.11552710815048603
48,2000.0,0.8784867123011328,0.1267616719265723
53,1969.0,0.851084859101683,0.12513775436144176
53,1970.0,0.881207409303761,0.19481653748640407
53,1971.0,0.8786676930536316,0.2152047505564922
53,1972.0,0.8426130531511971,0.14462928622766721
53,1973.0,0.8309953709674955,0.13076139520186647
53,1977.0,0.8553801211995239,0.24047300256107834
53,1991.0,0.8725225289039006,0.057842495255805045
11,1970.0,0.7586296587012473,-0.005165679779931816
11,2002.0,0.9476898718974255,0.08131464991131854
11,2003.0,0.9584331442016081,0.11618846973027275
11,2004.0,0.9376825165217482,0.06950330888290478
11,2005.0,0.9443387087341069,0.08075511163642439
11,2006.0,0.9252978484131933,0.21395341306397012
11,2007.0,0.9457667605220501,0.11493457771092953
11,2008.0,0.8982779876359254,0.0553575317104868
11,2009.0,0.8711317287205402,0.21852187295112105
11,2010.0,0.8516231826761624,0.15351782665672042
11,2011.0,0.8581450318336719,0.12468339245880602
11,2012.0,0.8492216196779799,0.18879874270518077
11,2013.0,0.8795903326011356,0.17860322099325243
11,2014.0,0.91390884670772,0.06228965144825297
11,2015.0,0.9349004104423534,-0.018457399484230197
11,2016.0,0.9432808230556252,0.01239727800333177
72,1987.0,0.8286167037887068,0.12278924032194267
72,1988.0,0.8491003225906191,0.08592925796075697
31,1999.0,0.8860556816136055,0.10023038958297005
99,1955.0,0.9070077284844574,0.2190409952195649
99,1956.0,0.9070077284844574,0.2190409952195649
99,1957.0,0.9070077284844574,0.2190409952195649
99,1958.0,0.9070077284844574,0.2190409952195649
99,1959.0,0.9070077284844574,0.2190409952195649
99,1960.0,0.9070077284844574,0.2190409952195649
99,1961.0,0.9070077284844574,0.2190409952195649
99,1962.0,0.9070077284844574,0.2190409952195649
99,1963.0,0.9070077284844574,0.2190409952195649
99,1964.0,0.9070077284844574,0.2190409952195649
99,1965.0,0.9070077284844574,0.2190409952195649
99,1966.0,0.9070077284844574,0.2190409952195649
99,1967.0,0.9070077284844574,0.2190409952195649
99,1968.0,0.9070077284844574,0.2190409952195649
99,1969.0,0.9070077284844574,0.2190409952195649
99,1970.0,0.8947562852494878,0.05077272422371616
99,1971.0,0.8912124576467674,0.01909015359629965
99,1972.0,0.8806567412120802,0.06565176372846425
99,1973.0,0.8747912866911945,0.11759653455522055
99,1974.0,0.8841117881360969,0.10694610985788695
99,1975.0,0.8813042787380068,0.0752049789756719
99,1976.0,0.8796333129338334,0.13142064745551227
99,1977.0,0.8906826538744348,0.09944351961118268
99,1978.0,0.8976139985760561,0.10414164449121027
99,1979.0,0.9062982479239944,0.10297427611265246
99,1980.0,0.9144424667032747,0.14639496209114974
99,1981.0,0.9318199601919601,0.14445927986085272
99,1982.0,0.9134474872693432,0.14247796224465276
99,1983.0,0.892265462550255,0.16567736390340645
99,1984.0,0.8621535167037241,0.1200313466478292
99,1985.0,0.8453826966542107,0.125019246218108
99,1986.0,0.837815756630123,0.1218969709951308
99,1987.0,0.8510677976214748,0.16966440043977768
99,1988.0,0.8494298391352949,0.16667472097998987
99,1994.0,0.8836892329154007,0.1659571971723287
99,1995.0,0.8732984069620207,0.1756617197077308
99,1996.0,0.8720888523744782,0.13812103245252227
99,1997.0,0.8816086235194931,0.10209116258127092
99,1998.0,0.8772261373622433,0.11677500346723889
99,1999.0,0.881753154404528,0.07685222277726687
99,2000.0,0.8884494746358572,0.045859578409086686
99,2001.0,0.88357480406321,0.014277423491926953
99,2002.0,0.8543797395939531,0.02410370156157082
99,2003.0,0.8500040235226469,0.016974383068517913
99,2004.0,0.8482407181315018,0.04166612589763759
99,2005.0,0.8456682458008774,0.0652108940035718
99,2006.0,0.838958036735594,0.07344147639304563
99,2007.0,0.8658959697319107,0.05671145887459497
99,2008.0,0.8839176251591175,0.055904174872869694
99,2009.0,0.9118908354406923,0.014045817106956836
99,2010.0,0.9459264288503584,-0.019721849231906455
99,2011.0,0.9687920952274317,0.11097087290408209
99,2012.0,0.9091430418921748,0.0938206956242704
99,2013.0,0.9438916556607019,0.06039845602375343
99,2014.0,0.9420518429057523,0.03177027525874692
99,2015.0,0.8872804994483453,0.08251765981951893
99,2016.0,0.8644726514483663,0.08286514034391737
45,1961.0,0.9199909906914417,0.09832982506795179
45,1962.0,0.9199909906914417,0.09832982506795179
45,1963.0,0.9199909906914417,0.09832982506795179
45,1964.0,0.9199909906914417,0.09832982506795179
45,1965.0,0.9199909906914417,0.09832982506795179
45,1966.0,0.9199909906914417,0.09832982506795179
45,1967.0,0.9199909906914417,0.09832982506795179
45,1968.0,0.9199909906914417,0.09832982506795179
45,1969.0,0.9199909906914417,0.09832982506795179
45,1970.0,0.8923183625822426,0.112234035621309
45,1971.0,0.8863849650962754,0.10706074153061003
45,1972.0,0.8922780061687572,0.10574746763603554
45,1973.0,0.9063763485801684,0.21921344648240298
45,1974.0,0.9037060600070103,0.15643857050583854
45,1975.0,0.9055999457305246,0.18772044854329872
45,1976.0,0.9007065712856309,0.09891777490834286
45,1977.0,0.8967021776727343,0.07865763910620222
45,1978.0,0.8952797783957842,0.05183697309237401
45,1979.0,0.8883731844714289,0.04798129542849824
45,1980.0,0.8720952786676508,0.0775675209453139
45,1981.0,0.8584040993054238,0.1334367985156641
45,1982.0,0.8400567566591822,0.18729840233542427
45,1983.0,0.8445392355127536,0.15655746433615392
45,1984.0,0.8448790531835019,0.1570848032368772
45,1985.0,0.8585118447226359,0.11279355126801689
45,1987.0,0.8527149124675694,0.11276661353726412
45,1988.0,0.8442170294029215,0.1275264540714931
45,1989.0,0.8364820196528285,0.15937582790749877
45,1990.0,0.8350206081964363,0.181347631067644
44,1960.0,0.8871726098433192,0.1176637326235073
21,1955.0,0.7999855085099241,0.2409378826832126
21,1956.0,0.7999855085099241,0.2409378826832126
21,1957.0,0.7999855085099241,0.2409378826832126
21,1958.0,0.7999855085099241,0.2409378826832126
21,1959.0,0.7999855085099241,0.2409378826832126
21,1960.0,0.7999855085099241,0.2409378826832126
21,1961.0,0.7999855085099241,0.2409378826832126
21,1962.0,0.7999855085099241,0.2409378826832126
21,1963.0,0.7999855085099241,0.2409378826832126
21,1964.0,0.7999855085099241,0.2409378826832126
21,1965.0,0.7999855085099241,0.2409378826832126
21,1966.0,0.7999855085099241,0.2409378826832126
21,1969.0,0.7999855085099241,0.2409378826832126
53,1993.0,0.883340036432718,0.0993881010007224
53,1994.0,0.8760432740066628,0.12243980806687096
53,1995.0,0.8555913021991263,0.1534212328476886
53,1996.0,0.850201273311142,0.2005634445974444
53,1997.0,0.8313116923996536,0.14399184179331592
53,1999.0,0.8302495335503521,0.20920035697070102
52,1955.0,0.9691062043411843,0.005161402790127219
52,1956.0,0.9691062043411843,0.005161402790127219
52,1957.0,0.9691062043411843,0.005161402790127219
52,1958.0,0.9691062043411843,0.005161402790127219
52,1959.0,0.9691062043411843,0.005161402790127219
52,1960.0,0.9691062043411843,0.005161402790127219
52,1961.0,0.9691062043411843,0.005161402790127219
52,1962.0,0.9691062043411843,0.005161402790127219
62,1984.0,0.8672840546413979,0.06909138757634589
62,1985.0,0.8607900505180393,0.06713985267004968
62,1986.0,0.8901379923602769,0.06466061464325305
62,1987.0,0.8925509445042339,0.08787252166423502
62,1988.0,0.8890977773047867,0.11530258485420031
62,1989.0,0.9027285805708779,0.15784182185750806
62,1990.0,0.9031071925215474,0.14041440607443878
62,1991.0,0.8719895951110764,0.1501325210921001
62,1992.0,0.8606247613522918,0.12007958144725404
23,1981.0,0.8536025773196471,0.10651515675007835
23,1982.0,0.8403707164820918,0.08637962043420862
23,1983.0,0.8453642974695876,0.09490109098808498
23,1984.0,0.8628554940091129,0.0943864993182299
23,1985.0,0.8587255961185014,0.05249185223443768
23,1986.0,0.873245860268932,0.06084836520440505
23,1987.0,0.8800900303774776,0.06162453309997095
23,1988.0,0.8852089367275372,0.04354391271289567
23,1989.0,0.8844062692695708,0.040368542600172155
23,1990.0,0.8943562618945111,0.06697581448444452
23,1991.0,0.8884287550730416,0.025179576021216052
23,1992.0,0.8981948394817976,0.0015607871691706975
23,1993.0,0.9088408367536535,0.006205831502162353
23,1994.0,0.9108326767893621,0.0033925161030665544
23,1995.0,0.9092004802312706,0.014024934739041914
23,1996.0,0.9133140149324324,0.04935411932182278
71,1987.0,0.949674316260204,-0.07247942570283847
31,2000.0,0.8817331667042918,0.11669508918397549
31,2001.0,0.8777677177799238,0.1247989945828912
31,2002.0,0.879047494150921,0.13801960368697958
31,2003.0,0.8770650459127138,0.14797097032299913
31,2004.0,0.8800341518254785,0.15889121397324196
31,2005.0,0.8802430512486377,0.1738076192531502
31,2006.0,0.8812873247633981,0.14309675069905925
31,2007.0,0.8826756409142622,0.17208181923221677
31,2008.0,0.8901622526670611,0.12649475203103058
31,2009.0,0.8998340946455577,0.11700630954778157
31,2010.0,0.9024083390558268,0.08995768358373733
31,2011.0,0.9076826287235412,0.05092302812131868
31,2012.0,0.8992437826121126,0.04071966307217387
31,2013.0,0.9108424671791816,0.09978424662387166
56,1962.0,0.9148977418323799,0.15769455420881287
56,1963.0,0.9148977418323799,0.15769455420881287
56,1964.0,0.9148977418323799,0.15769455420881287
56,1965.0,0.9148977418323799,0.15769455420881287
56,1966.0,0.9148977418323799,0.15769455420881287
56,1967.0,0.9148977418323799,0.15769455420881287
56,1968.0,0.9148977418323799,0.15769455420881287
56,1969.0,0.9148977418323799,0.15769455420881287
56,2002.0,0.8515294097281358,0.09954667521336749
56,2003.0,0.8555052902721482,0.0920392387641321
56,2004.0,0.8508207833653796,0.11441370369762413
56,2005.0,0.8617579308115824,0.10754170495897415
56,2006.0,0.862273516745042,0.12100530451685844
56,2007.0,0.8542183608804386,0.19442067888293718
56,2008.0,0.8400533356451318,0.2703564981914253
56,2009.0,0.83901022006451,0.22458081540919664
56,2010.0,0.8130857017322835,0.25570895773343816
56,2011.0,0.7976241369781327,0.25224484702045874
56,2012.0,0.8061256812837607,0.24757220357032664
56,2013.0,0.8223902964388695,0.22124488473443385
56,2014.0,0.821692405354874,0.3004116707657782
56,2015.0,0.8292622119252426,0.31099356858714006
56,2016.0,0.8467292670013896,0.28196802714113506
72,1986.0,0.8208136682966456,0.11484777297846331
72,1989.0,0.8549705326701676,0.09219875903109233
62,1973.0,1.003594457918791,0.08713586349168509
62,1974.0,0.9964400719577559,0.1389778046543412
62,1975.0,0.9884531521124797,0.10043248928441127
62,1976.0,0.9908044075509741,-0.02724027456735384
62,1977.0,0.9863564268638121,-0.03498807009295124
62,1978.0,0.9867734203303582,0.012208622988258741
62,1979.0,0.9834123401204563,0.007911099668295818
62,1980.0,0.9713441149618952,0.027967709604710702
62,1981.0,0.9496766816755922,0.10469125540917
62,1982.0,0.9413897072205873,0.02856791286963957
62,1983.0,0.9444745294756329,0.0024494595252728137
62,1993.0,0.8528657666743865,0.07093531350438888
62,1994.0,0.8489093559119484,0.04758769888928809
62,1995.0,0.8492089790441992,0.04801359886622511
51,1955.0,0.7934400168732043,0.1543346117621806
51,1956.0,0.7934400168732043,0.1543346117621806
51,1957.0,0.7934400168732043,0.1543346117621806
51,1958.0,0.7934400168732043,0.1543346117621806
51,1959.0,0.7934400168732043,0.1543346117621806
51,1960.0,0.7934400168732043,0.1543346117621806
51,1962.0,0.7934400168732043,0.1543346117621806
51,1963.0,0.7934400168732043,0.1543346117621806
51,2008.0,0.744577065675578,0.2203348058350819
51,2009.0,0.7460522481499113,0.23441592243976783
51,2010.0,0.7525925961527683,0.2597229899883339
51,2011.0,0.7573436875820183,0.2948947201057945
51,2012.0,0.7487382493128236,0.3152570831693081
45,1986.0,0.8589559481686505,0.10663536355727693
45,1991.0,0.8296176668326735,0.17477449407500217
45,1992.0,0.8288620939085732,0.17246836529610346
45,1993.0,0.8261237630177057,0.17831087719048974
45,1994.0,0.8332054632859776,0.17331636602371067
45,1995.0,0.8235947775091196,0.16862900769684325
45,1996.0,0.8252491821438979,0.15919386393915946
45,1997.0,0.8250155333870723,0.14155521759150033
45,1998.0,0.8323301351863854,0.12150340953146224
45,1999.0,0.8262411607912168,0.1105868522903497
45,2000.0,0.8186218285682005,0.11394375531794723
45,2001.0,0.8073330544096103,0.1331235884848817
45,2002.0,0.7975766579137282,0.14849981940817064
45,2003.0,0.7761783204360498,0.21235318697879013
45,2004.0,0.7640242802304069,0.22473207703593903
45,2005.0,0.7634802333146125,0.25271562716705126
22,1985.0,0.8884565793715385,0.3282109838816568
22,1986.0,0.8430010043010233,0.1412537451308728
53,2011.0,0.8272086199410739,0.22731387098188677
53,2012.0,0.8419951874421436,0.16432791678083183
53,2013.0,0.853635392797057,0.12952807369120886
53,2014.0,0.85051279685928,0.09837585649123144
53,2015.0,0.8543673813066873,0.03468691224418509
71,1968.0,0.9198930702038276,0.04170052329088852
71,1969.0,0.9198930702038276,0.04170052329088852
71,1970.0,0.8858101078382183,0.08448266185694021
71,1988.0,0.9259143478967916,0.08459411862397442
71,1989.0,0.9143492585433189,0.1528109766635635
62,1996.0,0.8576521942308141,0.059026064315171003
62,1997.0,0.8586526637847288,0.07921847234761689
62,1998.0,0.8652349459325981,0.09521779189220879
62,2000.0,0.8758071209637439,0.0851455014274482
62,2001.0,0.8753933779110717,0.09649282419720762
62,2002.0,0.8748003419299275,0.06639281702809377
62,2003.0,0.8711683039341003,0.0788214620413572
62,2004.0,0.8673637592042892,0.13391031880386467
62,2005.0,0.861736973531265,0.09637805885414402
62,2006.0,0.8554587961223358,0.10785529713117102
62,2007.0,0.8430996585506643,0.11958905393216329
62,2008.0,0.8323994547166366,0.10840087887581798
62,2009.0,0.8246418484225475,0.09702877817832391
62,2010.0,0.8218565148768996,0.13297517522969682
62,2011.0,0.8149633487255755,0.18978002313082978
62,2012.0,0.8163992948075991,0.1567288042220883
62,2013.0,0.827085647776985,0.20569225003512484
62,2014.0,0.8274472906108242,0.2181599456202153
62,2015.0,0.8282000041341555,0.21614822934478256
62,2016.0,0.8341747929503784,0.149279009326516
72,1974.0,0.8886260119853286,0.18584703700599625
72,1975.0,0.8860196437795358,0.15270247117241703
72,1976.0,0.8796658573863202,0.12164273017915836
51,2013.0,0.7508094944633109,0.3272673246536666
51,2014.0,0.7477498690842874,0.263191339950156
51,2015.0,0.7469420341896771,0.25190603644081744
45,1955.0,0.9199909906914417,0.09832982506795179
45,1956.0,0.9199909906914417,0.09832982506795179
45,1957.0,0.9199909906914417,0.09832982506795179
45,1958.0,0.9199909906914417,0.09832982506795179
45,1959.0,0.9199909906914417,0.09832982506795179
45,1960.0,0.9199909906914417,0.09832982506795179
23,1961.0,0.9024234291701226,0.10210023768719932
23,2010.0,0.9416464031791643,0.0516010211433945
23,2011.0,0.947383551150401,0.061914281711758105
23,2012.0,0.9383911219663329,0.055873064717459044
23,2013.0,0.9420237060454061,0.023096581400140537
23,2014.0,0.9364523637611485,0.03956380604469324
23,2015.0,0.9358597458690866,0.042447526919929784
22,1955.0,0.8705823224626313,0.07716957189963196
22,1956.0,0.8705823224626313,0.07716957189963196
22,1957.0,0.8705823224626313,0.07716957189963196
22,1958.0,0.8705823224626313,0.07716957189963196
22,1959.0,0.8705823224626313,0.07716957189963196
22,1960.0,0.8705823224626313,0.07716957189963196
22,1961.0,0.8705823224626313,0.07716957189963196
22,1962.0,0.8705823224626313,0.07716957189963196
22,1963.0,0.8705823224626313,0.07716957189963196
22,1964.0,0.8705823224626313,0.07716957189963196
22,1965.0,0.8705823224626313,0.07716957189963196
22,1966.0,0.8705823224626313,0.07716957189963196
22,1967.0,0.8705823224626313,0.07716957189963196
22,1968.0,0.8705823224626313,0.07716957189963196
22,1969.0,0.8705823224626313,0.07716957189963196
22,1970.0,0.8491520497692686,0.23138867284384868
22,1971.0,0.8486172108849217,0.192123161020575
22,1972.0,0.846111993113532,0.1353704408480003
22,1973.0,0.8562341752610294,0.19797307711295659
22,1974.0,0.856250939007683,0.06511481718151862
22,1975.0,0.8657084491860112,0.18858697765164695
22,1976.0,0.8586910294042909,0.1758489589954736
22,1977.0,0.854832905451136,0.19382376927910386
22,1978.0,0.8487502357808675,0.2181205129235556
22,1979.0,0.832320387581215,0.32676856561046075
22,1987.0,0.8069655979232789,0.023474398113813282
22,1988.0,0.8200490023994136,-0.07617686937661734
54,1972.0,0.8977704698303003,0.012676540768296059
54,2011.0,0.6985967024637914,0.2025368815425214
54,2012.0,0.7024585876550679,0.20506201659450046
81,1998.0,0.8442405361524105,0.07459290019396196
81,1999.0,0.8446402970701403,0.1061443761594525
81,2000.0,0.832726072275964,0.19010442938706784
81,2001.0,0.8607772677552241,0.20956340546444616
81,2002.0,0.8826977738636214,0.16826634766639623
81,2003.0,0.8779260177840162,0.04280809789318917
81,2004.0,0.878035162632819,-0.09890051478871471
81,2005.0,0.865284850767747,-0.007124355106199163
81,2006.0,0.8703684980859963,-0.00356909517554765
81,2007.0,0.8976851570279168,-0.06741141470497533
11,1983.0,1.0747434472505746,0.0319039157537118
81,2008.0,0.9216593844865747,-0.05787592609509909
81,2009.0,0.9369957758165292,0.1870550760663526
81,2010.0,0.9424201338459748,0.26103130969718374
81,2011.0,0.9054951023040615,0.33906367942490695
11,1982.0,0.9005009594472211,-0.10621218195496925
11,1984.0,1.0566196064018771,0.3789412790091988
11,1986.0,0.8726668344927643,0.3552275467258357
31,2015.0,0.9096505032227815,0.1128048381351994
31,2016.0,0.9078056240763435,0.17582132822289007
44,2006.0,0.8081572730567372,0.160973127840409
44,2007.0,0.8203038029857082,0.1766606315479489
44,2008.0,0.8208686736251085,0.24843131690331005
44,2009.0,0.8303576118619145,0.26899835625920865
44,2010.0,0.8267633772566618,0.21099363266025992
44,2011.0,0.8144668864438732,0.30430265940432943
44,2012.0,0.7951573414559319,0.3023265328754234
72,1969.0,0.7909889317590613,0.21931983169058414
72,1970.0,0.8046215478448895,0.20570711250466128
72,1971.0,0.8405286629814781,0.15601725271704697
72,1972.0,0.8759888658170759,0.1647543491480922
72,1973.0,0.8834331318849282,0.18887590119012868
22,1989.0,0.8504959407446314,-0.011564845909374554
22,1990.0,0.8605602862666825,0.061062763707126606
22,1991.0,0.8518881297156529,0.03165635947512361
22,1992.0,0.839550800569555,0.023504611448124327
22,1993.0,0.7995414466821475,0.2243711290331328
23,1997.0,0.9138656098870336,0.07376889971929486
62,1999.0,0.8757905050519209,0.07379904717525913
51,2016.0,0.7360787928569033,0.22176214063777913
72,1990.0,0.861479217326086,0.09271108145043461
72,1991.0,0.8620292560016388,0.09695084788603692
72,1992.0,0.8495219432405313,0.09194598291979515
72,1993.0,0.8507003653919468,0.11681496820315697
72,1994.0,0.8443551654321125,0.12831951606160402
72,1995.0,0.820164135021844,0.07429834280991017
72,1996.0,0.8066251268767082,0.07646987970504625
72,1997.0,0.8040690383907483,0.07564425862842125
72,1998.0,0.7817051603952515,0.08820555440476685
72,1999.0,0.7680972314457476,0.0869019126087108
23,1998.0,0.9096995470710874,0.06954119184192668
23,1999.0,0.9144573948236351,0.07804054648993862
23,2000.0,0.9266860889101391,0.06123275606182278
23,2001.0,0.9353021597989345,0.04422103108905656
23,2002.0,0.9425169848783507,0.037399282532434956
23,2003.0,0.9529423959055564,0.01873424545383339
23,2004.0,0.9514824714251583,0.003419908955413935
23,2005.0,0.9421243474122517,0.03473509425528838
23,2006.0,0.9381897283339072,0.034128483357462665
23,2007.0,0.9377282589800804,0.049991528315169134
23,2008.0,0.9300397231297551,0.05722486862920192
23,2009.0,0.9296864338758695,0.05635837610109142
23,2016.0,0.9401788280263612,0.008605801602862088
49,1981.0,0.8269513253451973,0.17528420574050288
54,1968.0,0.9100227237709929,0.053027007089311795
54,1970.0,0.9032507148475937,0.03595112750930744
54,1971.0,0.9027004963753692,0.04438905844132744
71,1971.0,0.8731188267428287,0.06697884268531092
71,1972.0,0.8772202755446864,0.16928993748696078
71,1973.0,0.8788119434014887,0.13522940173718506
71,1990.0,0.91910058238544,0.14200800466350344
71,1991.0,0.8990415483843457,0.16846865558826005
71,1992.0,0.8862002545388232,0.22990867746786275
71,1993.0,0.865855063824375,0.13165560859793354
71,1994.0,0.8311909658142733,0.06771604545186617
71,1995.0,0.8311485831393959,0.04590756295890031
23,1968.0,0.9024234291701226,0.10210023768719932
23,1969.0,0.9024234291701226,0.10210023768719932
23,1970.0,0.8653988327646156,0.09270031204428085
23,1963.0,0.9024234291701226,0.10210023768719932
23,1964.0,0.9024234291701226,0.10210023768719932
23,1965.0,0.9024234291701226,0.10210023768719932
23,1966.0,0.9024234291701226,0.10210023768719932
23,1967.0,0.9024234291701226,0.10210023768719932
54,1961.0,0.9100227237709929,0.053027007089311795
54,1962.0,0.9100227237709929,0.053027007089311795
54,1963.0,0.9100227237709929,0.053027007089311795
54,1965.0,0.9100227237709929,0.053027007089311795
54,1966.0,0.9100227237709929,0.053027007089311795
54,1967.0,0.9100227237709929,0.053027007089311795
72,2000.0,0.7708286357169616,0.14994264667728407
72,2001.0,0.7662699618251929,0.2095457041471812
72,2002.0,0.7684969357112745,0.24041654824532038
72,2003.0,0.7738311360410283,0.23257250796758586
72,2004.0,0.7816141669148995,0.23315350714843816
72,2005.0,0.7803062120341098,0.22216759514721907
72,2006.0,0.7675167576041411,0.1377321583485059
72,2007.0,0.7699270757494597,0.1234386600535744
72,2008.0,0.7821205279658227,0.12622611272033113
72,2009.0,0.7945473774354032,0.13532889738085277
72,2010.0,0.7909096118201533,0.1911351030687825
72,2011.0,0.7899917131551714,0.1177450907554647
44,2013.0,0.7804475848197238,0.23805027105948312
44,2014.0,0.7639695373342457,0.25020107569693834
44,2015.0,0.75639862291342,0.25659970439131946
62,1965.0,0.9944442352287616,-0.013737930671654396
62,1966.0,0.9944442352287616,-0.013737930671654396
62,1967.0,0.9944442352287616,-0.013737930671654396
62,1968.0,0.9944442352287616,-0.013737930671654396
62,1969.0,0.9944442352287616,-0.013737930671654396
62,1970.0,0.9987312630473437,-0.13417148619821165
62,1971.0,1.003275455669661,-0.08888013426414774
62,1972.0,1.0004619961217631,0.11959254077535858
11,1993.0,0.694084804102488,0.3385955151747943
11,1994.0,0.7117386531048938,0.16985242566856756
11,1995.0,0.7290106591026037,0.35847808269398074
11,1996.0,0.7535561082064021,0.4458123322706352
11,1997.0,0.750376547601688,0.27861320365740894
11,1998.0,0.7779265715753418,0.22194445861153667
54,2013.0,0.7016584609836829,0.24449004944365244
54,2014.0,0.7138146025571074,0.26395037335048455
54,2015.0,0.7179448888683277,0.2929464618532213
31,2014.0,0.9059664900012879,0.09123720574253567
56,1957.0,0.9148977418323799,0.15769455420881287
56,1958.0,0.9148977418323799,0.15769455420881287
56,1959.0,0.9148977418323799,0.15769455420881287
56,1960.0,0.9148977418323799,0.15769455420881287
56,1961.0,0.9148977418323799,0.15769455420881287
44,1958.0,0.8871726098433192,0.1176637326235073
44,1959.0,0.8871726098433192,0.1176637326235073
71,2001.0,0.9541881444854449,0.07846391136988837
71,2006.0,0.9228821626342224,0.12516558497544855
71,2008.0,0.8583604902054602,0.1005233162162273
71,2009.0,0.8877458609745372,0.1704402371095153
71,2010.0,0.88093159443125,0.1632159344169175
71,2011.0,0.8909032718970075,0.16327969819942248
71,2012.0,0.8663498082976834,0.32191917980371626
71,2013.0,0.8383561251184672,0.27597860947150143
71,2014.0,0.8094803917358319,0.1439168477179488
71,2015.0,0.8051193970623297,0.12131084118259435
71,2016.0,0.7938503006535074,0.1558063657286046
53,1962.0,0.851084859101683,0.12513775436144176
53,1963.0,0.851084859101683,0.12513775436144176
53,1964.0,0.851084859101683,0.12513775436144176
53,1965.0,0.851084859101683,0.12513775436144176
53,1967.0,0.851084859101683,0.12513775436144176
53,1968.0,0.851084859101683,0.12513775436144176
45,2006.0,0.7664574631462694,0.2359348969753964
45,2007.0,0.7640319164434498,0.23720541474289134
45,2008.0,0.7756835706630762,0.28845401150092337
45,2009.0,0.7936910031140241,0.29816993996230245
45,2010.0,0.8012862779803589,0.2074889188521278
45,2011.0,0.8137958765871329,0.18156605844238044
45,2012.0,0.8472281903921068,0.07386085874814204
45,2013.0,0.8686383912765492,0.08368113145098105
45,2014.0,0.8880164836731678,0.04596154484752931
45,2015.0,0.9008759605891655,0.051321936284932514
54,1955.0,0.9100227237709929,0.053027007089311795
54,1956.0,0.9100227237709929,0.053027007089311795
54,1957.0,0.9100227237709929,0.053027007089311795
54,1958.0,0.9100227237709929,0.053027007089311795
54,1959.0,0.9100227237709929,0.053027007089311795
54,1960.0,0.9100227237709929,0.053027007089311795
54,2016.0,0.7081233648713027,0.2670687149024748
61,1983.0,0.8030889868513651,-0.07749469478297277
61,1984.0,0.8030889868513651,-0.07749469478297277
61,1986.0,0.7815353186859957,0.3507682570174616
11,1968.0,0.7988821943620806,-0.09238974731584747
11,1969.0,0.7988821943620806,-0.09238974731584747
11,1971.0,0.7930089727738733,0.008011610677948307
11,1972.0,0.7816433647555443,0.14831492398356086
11,1973.0,0.7913685364825537,0.261437615427824
11,1974.0,0.8168195047240808,0.20818611395221387
11,1975.0,0.8433481428183424,0.5620873184054244
11,1976.0,0.8460671950285675,0.3878844915419133
11,1977.0,0.8561419386433302,0.4094443244118092
11,1978.0,0.8625893459869278,0.18844594405820458
11,1979.0,0.8681625599049148,0.23229070827304268
11,1980.0,0.8442337293619415,0.27978284973563505
11,1981.0,0.8597317616268751,0.3065214344369426
45,2016.0,0.911548024844997,0.03628519270424076
61,1981.0,0.8030889868513651,-0.07749469478297277
61,1982.0,0.8030889868513651,-0.07749469478297277
61,1985.0,0.7830973519341038,0.4086698855247022
61,1987.0,0.8154513397663938,0.20245461025983497
61,1988.0,0.8201397827936043,0.16412491148576355
61,1989.0,0.8443722612970913,0.20999310866861282
61,1990.0,0.8323838834624011,0.11455806343560074
61,1991.0,0.8431443400271409,0.1323070925835595
72,1967.0,0.7909889317590613,0.21931983169058414
72,1968.0,0.7909889317590613,0.21931983169058414
11,1960.0,0.7988821943620806,-0.09238974731584747
11,1961.0,0.7988821943620806,-0.09238974731584747
11,1962.0,0.7988821943620806,-0.09238974731584747
11,1963.0,0.7988821943620806,-0.09238974731584747
11,1964.0,0.7988821943620806,-0.09238974731584747
11,1965.0,0.7988821943620806,-0.09238974731584747
11,1966.0,0.7988821943620806,-0.09238974731584747
11,1967.0,0.7988821943620806,-0.09238974731584747
11,1985.0,0.9501895483274064,0.39405289114317366
11,1987.0,0.8225106875156901,0.19064342499673406
11,1988.0,0.7508078126387296,0.18246379002096186
11,1989.0,0.7276696679604342,0.2608568830458992
11,1990.0,0.7177740423307596,0.2151739655191386
11,1991.0,0.6808747233485662,0.1757018062685649
11,1992.0,0.6872255087468043,0.3247505690459248
11,1999.0,0.8312555101079343,0.2946537658229975
11,2000.0,0.8642170946193927,0.24276775388866464
11,2001.0,0.9046171330874255,0.0901544941588633
72,2012.0,0.766078005149027,0.09398574825745565
72,2013.0,0.7407914854751576,0.09169471829024461
72,2014.0,0.7209832133892327,0.091829997138681
72,2015.0,0.7188861181827421,0.03526551346447905
72,2016.0,0.7147480042591758,0.12179271060724516
49,1963.0,0.8586723354208576,0.15837976935641612
49,1964.0,0.8586723354208576,0.15837976935641612
49,1965.0,0.8586723354208576,0.15837976935641612
49,1966.0,0.8586723354208576,0.15837976935641612
49,1967.0,0.8586723354208576,0.15837976935641612
49,1968.0,0.8586723354208576,0.15837976935641612
49,1969.0,0.8586723354208576,0.15837976935641612
49,1970.0,0.8364682556441787,0.19616291546659878
49,1971.0,0.850452082705824,0.23453293174483636
49,1972.0,0.8496941351094845,0.204725957447368
49,1973.0,0.8386503343466041,0.21134251848972227
49,1974.0,0.8233394869803435,0.21004933450811922
49,1975.0,0.8169304897484557,0.23613501871934628
49,1976.0,0.8024392119401011,0.2630884108742678
49,1977.0,0.8099239688606692,0.25414015114499944
49,1978.0,0.8115816537316826,0.2928625611100755
49,1979.0,0.8111864525965082,0.27357786065421796
49,1980.0,0.8218015006966222,0.22587738016503106
71,1996.0,0.8472012668815986,0.041761997418451526
71,1997.0,0.8563498457755208,0.04308996692967546
71,1998.0,0.9002051428474683,0.08904685981314595
71,1999.0,0.9551750077808502,0.07656843199240321
71,2000.0,0.9854875170063081,0.055359145894346734
71,2002.0,0.9581041016988174,0.07202489182111874
71,2003.0,0.9551752845786995,0.07828430771778436
71,2004.0,0.935876934441131,0.13165527724224996
71,2005.0,0.9176460794511859,0.16167591353972152
71,2007.0,0.8842743710445146,0.0878647690831166
81,2012.0,0.8906088201330324,0.508109160022421
81,2013.0,0.8630194751423028,0.6084776549037719
81,2014.0,0.8262672742797935,1.0090386292829803
81,2015.0,0.8220079115521742,1.0661606451385517
49,1956.0,0.8586723354208576,0.15837976935641612
49,1957.0,0.8586723354208576,0.15837976935641612
49,1958.0,0.8586723354208576,0.15837976935641612
49,1959.0,0.8586723354208576,0.15837976935641612
49,1960.0,0.8586723354208576,0.15837976935641612
49,1961.0,0.8586723354208576,0.15837976935641612
49,1962.0,0.8586723354208576,0.15837976935641612
72,1963.0,0.7909889317590613,0.21931983169058414
72,1964.0,0.7909889317590613,0.21931983169058414
72,1965.0,0.7909889317590613,0.21931983169058414
72,1958.0,0.7909889317590613,0.21931983169058414
72,1959.0,0.7909889317590613,0.21931983169058414
72,1960.0,0.7909889317590613,0.21931983169058414
72,1961.0,0.7909889317590613,0.21931983169058414
72,1962.0,0.7909889317590613,0.21931983169058414
72,1966.0,0.7909889317590613,0.21931983169058414
61,2008.0,0.7443193060259641,0.16364427256575084
61,2009.0,0.7418813290393154,0.14456587411396266
61,2010.0,0.7706202165772266,0.14452921608892852
61,2011.0,0.7760852657742883,0.22942410760699852
61,2012.0,0.7883559463670791,0.2082454294098763
61,2013.0,0.802665336501394,0.17597752117993662
61,2014.0,0.8261600009996785,0.1254952679321775
61,2015.0,0.8167279208825315,0.0998295223987838
61,2016.0,0.8052616697561681,0.09621518449928165
44,2016.0,0.751522409636776,0.2586689823556534
44,1955.0,0.8871726098433192,0.1176637326235073
44,1956.0,0.8871726098433192,0.1176637326235073
44,1957.0,0.8871726098433192,0.1176637326235073
53,1960.0,0.851084859101683,0.12513775436144176
53,1961.0,0.851084859101683,0.12513775436144176
53,1966.0,0.851084859101683,0.12513775436144176
61,1966.0,0.8030889868513651,-0.07749469478297277
61,1967.0,0.8030889868513651,-0.07749469478297277
61,1968.0,0.8030889868513651,-0.07749469478297277
61,1969.0,0.8030889868513651,-0.07749469478297277
61,1970.0,0.8030889868513651,-0.07749469478297277
61,1971.0,0.8030889868513651,-0.07749469478297277
61,1972.0,0.8030889868513651,-0.07749469478297277
61,1973.0,0.8030889868513651,-0.07749469478297277
61,1974.0,0.8030889868513651,-0.07749469478297277
61,1975.0,0.8030889868513651,-0.07749469478297277
61,1976.0,0.8030889868513651,-0.07749469478297277
61,1977.0,0.8030889868513651,-0.07749469478297277
61,1978.0,0.8030889868513651,-0.07749469478297277
61,1979.0,0.8030889868513651,-0.07749469478297277
61,1980.0,0.8030889868513651,-0.07749469478297277
61,1992.0,0.8330309293841212,0.254173281557055
61,1993.0,0.8453312714784148,0.2398796980211671
61,1994.0,0.8795078081370977,0.11087555337527272
61,1995.0,0.8750957193727641,0.07632730134428833
23,1956.0,0.9024234291701226,0.10210023768719932
23,1957.0,0.9024234291701226,0.10210023768719932
23,1958.0,0.9024234291701226,0.10210023768719932
23,1959.0,0.9024234291701226,0.10210023768719932
23,1960.0,0.9024234291701226,0.10210023768719932
23,1955.0,0.9024234291701226,0.10210023768719932
23,1962.0,0.9024234291701226,0.10210023768719932
81,1962.0,0.7030398433436373,0.05677696383480751
81,1963.0,0.7030398433436373,0.05677696383480751
81,1964.0,0.7030398433436373,0.05677696383480751
81,2016.0,0.8419526415481963,1.4883903696975211
53,1955.0,0.851084859101683,0.12513775436144176
53,1956.0,0.851084859101683,0.12513775436144176
53,1957.0,0.851084859101683,0.12513775436144176
53,1958.0,0.851084859101683,0.12513775436144176
53,1959.0,0.851084859101683,0.12513775436144176
72,1955.0,0.7909889317590613,0.21931983169058414
72,1956.0,0.7909889317590613,0.21931983169058414
72,1957.0,0.7909889317590613,0.21931983169058414
71,1964.0,0.9198930702038276,0.04170052329088852
71,1965.0,0.9198930702038276,0.04170052329088852
71,1966.0,0.9198930702038276,0.04170052329088852
71,1967.0,0.9198930702038276,0.04170052329088852
62,1960.0,0.9944442352287616,-0.013737930671654396
62,1961.0,0.9944442352287616,-0.013737930671654396
62,1962.0,0.9944442352287616,-0.013737930671654396
62,1963.0,0.9944442352287616,-0.013737930671654396
62,1964.0,0.9944442352287616,-0.013737930671654396
71,1959.0,0.9198930702038276,0.04170052329088852
71,1960.0,0.9198930702038276,0.04170052329088852
71,1961.0,0.9198930702038276,0.04170052329088852
71,1962.0,0.9198930702038276,0.04170052329088852
71,1963.0,0.9198930702038276,0.04170052329088852
62,1955.0,0.9944442352287616,-0.013737930671654396
62,1956.0,0.9944442352287616,-0.013737930671654396
62,1957.0,0.9944442352287616,-0.013737930671654396
62,1958.0,0.9944442352287616,-0.013737930671654396
62,1959.0,0.9944442352287616,-0.013737930671654396
11,1955.0,0.7988821943620806,-0.09238974731584747
11,1956.0,0.7988821943620806,-0.09238974731584747
11,1957.0,0.7988821943620806,-0.09238974731584747
11,1958.0,0.7988821943620806,-0.09238974731584747
11,1959.0,0.7988821943620806,-0.09238974731584747
61,1996.0,0.8634517707392526,-0.005417716774029606
61,1997.0,0.8230547358110498,-0.002433308774866218
61,1998.0,0.8486634085205731,-0.06689307099355132
61,1999.0,0.8813633911798007,-0.03347504438765128
61,2000.0,0.9143350235506504,-0.008790333376635557
61,2001.0,0.9196269093917039,0.05589772570064576
61,2002.0,0.9366242278268099,0.09850980116461786
61,2003.0,0.882334814244236,0.18174922283958625
61,2004.0,0.8384222238281439,0.23950954802161065
61,2005.0,0.8111629276302934,0.30616096594594494
61,2006.0,0.8014059198978318,0.17728317002772176
61,2007.0,0.7481406998933428,0.16415589710779052
81,1960.0,0.7030398433436373,0.05677696383480751
81,1961.0,0.7030398433436373,0.05677696383480751
49,1955.0,0.8586723354208576,0.15837976935641612
22,2011.0,0.7786048738526588,0.2190398980844011
22,2012.0,0.7435594961986974,0.23102723252120885
49,2016.0,0.8462559115890784,0.0954255466583087
56,1955.0,0.9148977418323799,0.15769455420881287
56,1956.0,0.9148977418323799,0.15769455420881287
